search_value,formatted_address,country,province,city,citycode,district,adcode,location,level,line_name_zh,name_zh,name,line_name
上海市莘庄(地铁站),上海市闵行区莘庄(地铁站),中国,上海市,上海市,021,闵行区,310112,"121.385373,31.111152",公交地铁站点,1号线,莘庄,Xinzhuang,Line 1
上海市外环路(地铁站),上海市闵行区外环路(地铁站),中国,上海市,上海市,021,闵行区,310112,"121.393020,31.120899",公交地铁站点,1号线,外环路,Waihuanlu,Line 1
上海市莲花路(地铁站),上海市闵行区莲花路(地铁站),中国,上海市,上海市,021,闵行区,310112,"121.402910,31.130900",公交地铁站点,1号线,莲花路,Lianhua Road,Line 1
上海市锦江乐园(地铁站),上海市徐汇区锦江乐园(地铁站),中国,上海市,上海市,021,徐汇区,310104,"121.414107,31.142217",公交地铁站点,1号线,锦江乐园,Jinjiang Park,Line 1
上海市上海南站(地铁站),上海市徐汇区上海南站(地铁站),中国,上海市,上海市,021,徐汇区,310104,"121.430041,31.154579",公交地铁站点,1号线,上海南站,Shanghai South Railway Station,Line 1
上海市漕宝路(地铁站),上海市徐汇区漕宝路(地铁站)龙华(地铁站),中国,上海市,上海市,021,徐汇区,310104,"121.452958,31.172672",公交地铁站点,1号线,漕宝路,Caobao Road,Line 1
上海市上海体育馆(地铁站),上海市徐汇区上海体育馆龙华(地铁站),中国,上海市,上海市,021,徐汇区,310104,"121.452958,31.172672",公交地铁站点,1号线,上海体育馆,Shanghai Indoor Stadium,Line 1
上海市徐家汇(地铁站),上海市徐汇区徐家汇龙华(地铁站),中国,上海市,上海市,021,徐汇区,310104,"121.452958,31.172672",公交地铁站点,1号线,徐家汇,Xujiahui,Line 1
上海市衡山路(地铁站),上海市徐汇区衡山路(地铁站),中国,上海市,上海市,021,徐汇区,310104,"121.446424,31.204528",公交地铁站点,1号线,衡山路,Hengshan Road,Line 1
上海市常熟路(地铁站),上海市徐汇区常熟路(地铁站),中国,上海市,上海市,021,徐汇区,310104,"121.449141,31.213524",公交地铁站点,1号线,常熟路,Changshu Road,Line 1
上海市陕西南路(地铁站),上海市徐汇区陕西南路(地铁站),中国,上海市,上海市,021,徐汇区,310104,"121.458744,31.215150",公交地铁站点,1号线,陕西南路,South Shaanxi Road,Line 1
上海市一大会址·黄陂南路(地铁站),上海市黄浦区一大会址·黄陂南路(地铁站),中国,上海市,上海市,021,黄浦区,310101,"121.472339,31.223653",公交地铁站点,1号线,一大会址·黄陂南路,Site of the First CPC National Congress · South Huangpi Road,Line 1
上海市人民广场(地铁站),上海市黄浦区人民广场(地铁站),中国,上海市,上海市,021,黄浦区,310101,"121.475108,31.232687",公交地铁站点,1号线,人民广场,People's Square,Line 1
上海市新闸路(地铁站),上海市黄浦区新闸路(地铁站),中国,上海市,上海市,021,黄浦区,310101,"121.468151,31.238373",公交地铁站点,1号线,新闸路,Xinzha Road,Line 1
上海市汉中路(地铁站),上海市静安区汉中路(地铁站),中国,上海市,上海市,021,静安区,310106,"121.458699,31.241883",公交地铁站点,1号线,汉中路,Hanzhong Road,Line 1
上海市上海火车站(地铁站),上海市静安区上海火车站(地铁站),中国,上海市,上海市,021,静安区,310106,"121.457939,31.249632",公交地铁站点,1号线,上海火车站,Shanghai Railway Station,Line 1
上海市中山北路(地铁站),上海市静安区中山北路(地铁站),中国,上海市,上海市,021,静安区,310106,"121.459204,31.258891",公交地铁站点,1号线,中山北路,North Zhongshan Road,Line 1
上海市延长路(地铁站),上海市静安区延长路(地铁站),中国,上海市,上海市,021,静安区,310106,"121.455329,31.271675",公交地铁站点,1号线,延长路,Yanchang Road,Line 1
上海市上海马戏城(地铁站),上海市静安区上海马戏城(地铁站),中国,上海市,上海市,021,静安区,310106,"121.452023,31.279895",公交地铁站点,1号线,上海马戏城,Shanghai Circus World,Line 1
上海市汶水路(地铁站),上海市静安区汶水路(地铁站),中国,上海市,上海市,021,静安区,310106,"121.450251,31.292556",公交地铁站点,1号线,汶水路,Wenshui Road,Line 1
上海市彭浦新村(地铁站),上海市静安区彭浦新村(地铁站),中国,上海市,上海市,021,静安区,310106,"121.448642,31.306604",公交地铁站点,1号线,彭浦新村,Pengpu Xincun,Line 1
上海市共康路(地铁站),上海市静安区共康路(地铁站),中国,上海市,上海市,021,静安区,310106,"121.447063,31.318936",公交地铁站点,1号线,共康路,Gongkang Road,Line 1
上海市通河新村(地铁站),上海市宝山区通河新村(地铁站),中国,上海市,上海市,021,宝山区,310113,"121.441546,31.331130",公交地铁站点,1号线,通河新村,Tonghe Xincun,Line 1
上海市呼兰路(地铁站),上海市宝山区呼兰路(地铁站),中国,上海市,上海市,021,宝山区,310113,"121.437711,31.339703",公交地铁站点,1号线,呼兰路,Hulan Road,Line 1
上海市共富新村(地铁站),上海市宝山区共富新村(地铁站),中国,上海市,上海市,021,宝山区,310113,"121.434063,31.355082",公交地铁站点,1号线,共富新村,Gongfu Xincun,Line 1
上海市宝安公路(地铁站),上海市宝山区宝安公路(地铁站),中国,上海市,上海市,021,宝山区,310113,"121.430914,31.369555",公交地铁站点,1号线,宝安公路,Bao'an Highway,Line 1
上海市友谊西路(地铁站),上海市宝山区友谊西路(地铁站),中国,上海市,上海市,021,宝山区,310113,"121.427953,31.381296",公交地铁站点,1号线,友谊西路,West Youyi Road,Line 1
上海市富锦路(地铁站),上海市宝山区富锦路(地铁站),中国,上海市,上海市,021,宝山区,310113,"121.424661,31.392260",公交地铁站点,1号线,富锦路,Fujin Road,Line 1
上海市蟠祥路(地铁站),上海市青浦区蟠祥路(地铁站),中国,上海市,上海市,021,青浦区,310118,"121.287442,31.182044",公交地铁站点,2号线,蟠祥路,Panxiang Road,Line 2
上海市徐泾东(地铁站),上海市青浦区徐泾东(地铁站),中国,上海市,上海市,021,青浦区,310118,"121.299204,31.188367",公交地铁站点,2号线,徐泾东,East Xujing,Line 2
上海市虹桥火车站(地铁站),上海市闵行区虹桥火车站(地铁站),中国,上海市,上海市,021,闵行区,310112,"121.318910,31.193987",公交地铁站点,2号线,虹桥火车站,Hongqiao Railway Station,Line 2
上海市虹桥2号航站楼(地铁站),上海市闵行区虹桥2号航站楼(地铁站),中国,上海市,上海市,021,闵行区,310112,"121.326300,31.194211",公交地铁站点,2号线,虹桥2号航站楼,Hongqiao Airport Terminal 2,Line 2
上海市淞虹路(地铁站),上海市长宁区淞虹路(地铁站),中国,上海市,上海市,021,长宁区,310105,"121.359536,31.218225",公交地铁站点,2号线,淞虹路,Songhong Road,Line 2
上海市北新泾(地铁站),上海市长宁区北新泾(地铁站),中国,上海市,上海市,021,长宁区,310105,"121.373998,31.216395",公交地铁站点,2号线,北新泾,Beixinjing,Line 2
上海市威宁路(地铁站),上海市长宁区威宁路(地铁站),中国,上海市,上海市,021,长宁区,310105,"121.387285,31.214870",公交地铁站点,2号线,威宁路,Weining Road,Line 2
上海市娄山关路(地铁站),上海市长宁区娄山关路(地铁站),中国,上海市,上海市,021,长宁区,310105,"121.404058,31.211158",公交地铁站点,2号线,娄山关路,Loushanguan Road,Line 2
上海市中山公园(地铁站),上海市长宁区中山公园(地铁站),中国,上海市,上海市,021,长宁区,310105,"121.415773,31.217948",公交地铁站点,2号线,中山公园,Zhongshan Park,Line 2
上海市江苏路(地铁站),上海市长宁区江苏路(地铁站),中国,上海市,上海市,021,长宁区,310105,"121.430635,31.220408",公交地铁站点,2号线,江苏路,Jiangsu Road,Line 2
上海市静安寺(地铁站),上海市静安区静安寺(地铁站),中国,上海市,上海市,021,静安区,310106,"121.446533,31.223231",公交地铁站点,2号线,静安寺,Jing'an Temple,Line 2
上海市南京西路(地铁站),上海市静安区南京西路(地铁站),中国,上海市,上海市,021,静安区,310106,"121.459971,31.229853",公交地铁站点,2号线,南京西路,West Nanjing Road,Line 2
上海市人民广场(地铁站),上海市黄浦区人民广场(地铁站),中国,上海市,上海市,021,黄浦区,310101,"121.475108,31.232687",公交地铁站点,2号线,人民广场,People's Square,Line 2
上海市南京东路(地铁站),上海市黄浦区南京东路(地铁站),中国,上海市,上海市,021,黄浦区,310101,"121.484628,31.238101",公交地铁站点,2号线,南京东路,East Nanjing Road,Line 2
上海市陆家嘴(地铁站),上海市浦东新区陆家嘴(地铁站),中国,上海市,上海市,021,浦东新区,310115,"121.502129,31.238259",公交地铁站点,2号线,陆家嘴,Lujiazui,Line 2
上海市东昌路(地铁站),上海市浦东新区东昌路(地铁站),中国,上海市,上海市,021,浦东新区,310115,"121.515556,31.233270",公交地铁站点,2号线,东昌路,Dongchang Road,Line 2
上海市世纪大道(地铁站),上海市浦东新区世纪大道(地铁站),中国,上海市,上海市,021,浦东新区,310115,"121.527213,31.228682",公交地铁站点,2号线,世纪大道,Century Avenue,Line 2
上海市上海科技馆(地铁站),上海市浦东新区上海科技馆(地铁站),中国,上海市,上海市,021,浦东新区,310115,"121.544439,31.218820",公交地铁站点,2号线,上海科技馆,Shanghai Science and Technology Museum,Line 2
上海市世纪公园(地铁站),上海市浦东新区世纪公园(地铁站),中国,上海市,上海市,021,浦东新区,310115,"121.550909,31.209421",公交地铁站点,2号线,世纪公园,Century Park,Line 2
上海市龙阳路(地铁站),上海市浦东新区龙阳路(地铁站),中国,上海市,上海市,021,浦东新区,310115,"121.557634,31.203575",公交地铁站点,2号线,龙阳路,Longyang Road,Line 2
上海市张江高科(地铁站),上海市浦东新区张江高科(地铁站),中国,上海市,上海市,021,浦东新区,310115,"121.587490,31.201872",公交地铁站点,2号线,张江高科,Zhangjiang Hi-Tech Park,Line 2
上海市金科路(地铁站),上海市浦东新区金科路(地铁站),中国,上海市,上海市,021,浦东新区,310115,"121.601989,31.204213",公交地铁站点,2号线,金科路,Jinke Road,Line 2
上海市广兰路(地铁站),上海市浦东新区广兰路(地铁站),中国,上海市,上海市,021,浦东新区,310115,"121.621072,31.211050",公交地铁站点,2号线,广兰路,Guanglan Road,Line 2
上海市唐镇(地铁站),上海市浦东新区唐镇(地铁站),中国,上海市,上海市,021,浦东新区,310115,"121.656269,31.214107",公交地铁站点,2号线,唐镇,Tangzhen,Line 2
上海市创新中路(地铁站),上海市浦东新区创新中路(地铁站),中国,上海市,上海市,021,浦东新区,310115,"121.673713,31.213871",公交地铁站点,2号线,创新中路,Middle Chuangxin Road,Line 2
上海市华夏东路(地铁站),上海市浦东新区华夏东路(地铁站),中国,上海市,上海市,021,浦东新区,310115,"121.680972,31.196575",公交地铁站点,2号线,华夏东路,East Huaxia Road,Line 2
上海市川沙(地铁站),上海市浦东新区川沙(地铁站),中国,上海市,上海市,021,浦东新区,310115,"121.698210,31.186741",公交地铁站点,2号线,川沙,Chuansha,Line 2
上海市凌空路(地铁站),上海市浦东新区凌空路(地铁站),中国,上海市,上海市,021,浦东新区,310115,"121.724095,31.192861",公交地铁站点,2号线,凌空路,Lingkong Road,Line 2
上海市远东大道(地铁站),上海市浦东新区远东大道(地铁站),中国,上海市,上海市,021,浦东新区,310115,"121.755301,31.199385",公交地铁站点,2号线,远东大道,Yuandong Avenue,Line 2
上海市海天三路(地铁站),上海市浦东新区海天三路(地铁站),中国,上海市,上海市,021,浦东新区,310115,"121.796878,31.168459",公交地铁站点,2号线,海天三路,Haitiansan Road,Line 2
上海市浦东国际机场(地铁站),上海市浦东新区浦东国际机场(地铁站),中国,上海市,上海市,021,浦东新区,310115,"121.806436,31.149596",公交地铁站点,2号线,浦东国际机场,Pudong International Airport,Line 2
上海市上海南站(地铁站),上海市徐汇区上海南站(地铁站),中国,上海市,上海市,021,徐汇区,310104,"121.430041,31.154579",公交地铁站点,3号线,上海南站,Shanghai South Railway Station,Line 3
上海市石龙路(地铁站),上海市徐汇区石龙路(地铁站)龙华(地铁站),中国,上海市,上海市,021,徐汇区,310104,"121.452958,31.172672",公交地铁站点,3号线,石龙路,Shilong Road,Line 3
上海市龙漕路(地铁站),上海市徐汇区龙漕路(地铁站),中国,上海市,上海市,021,徐汇区,310104,"121.444383,31.169458",公交地铁站点,3号线,龙漕路,Longcao Road,Line 3
上海市漕溪路(地铁站),上海市徐汇区漕溪路(地铁站)龙华(地铁站),中国,上海市,上海市,021,徐汇区,310104,"121.452958,31.172672",公交地铁站点,3号线,漕溪路,Caoxi Road,Line 3
上海市宜山路(地铁站),上海市徐汇区宜山路(地铁站),中国,上海市,上海市,021,徐汇区,310104,"121.427194,31.186717",公交地铁站点,3号线,宜山路,Yishan Road,Line 3
上海市虹桥路(地铁站),上海市长宁区虹桥路(地铁站),中国,上海市,上海市,021,长宁区,310105,"121.420814,31.197524",公交地铁站点,3号线,虹桥路,Hongqiao Road,Line 3
上海市延安西路(地铁站),上海市长宁区延安西路(地铁站),中国,上海市,上海市,021,长宁区,310105,"121.417062,31.209616",公交地铁站点,3号线,延安西路,West Yan'an Road,Line 3
上海市中山公园(地铁站),上海市长宁区中山公园(地铁站),中国,上海市,上海市,021,长宁区,310105,"121.415773,31.217948",公交地铁站点,3号线,中山公园,Zhongshan Park,Line 3
上海市金沙江路(地铁站),上海市普陀区金沙江路(地铁站),中国,上海市,上海市,021,普陀区,310107,"121.413201,31.232147",公交地铁站点,3号线,金沙江路,Jinshajiang Road,Line 3
上海市曹杨路(地铁站),上海市普陀区曹杨路(地铁站),中国,上海市,上海市,021,普陀区,310107,"121.417701,31.239302",公交地铁站点,3号线,曹杨路,Caoyang Road,Line 3
上海市镇坪路(地铁站),上海市普陀区镇坪路(地铁站),中国,上海市,上海市,021,普陀区,310107,"121.429779,31.246369",公交地铁站点,3号线,镇坪路,Zhenping Road,Line 3
上海市中潭路(地铁站),上海市普陀区中潭路(地铁站),中国,上海市,上海市,021,普陀区,310107,"121.441001,31.254568",公交地铁站点,3号线,中潭路,Zhongtan Road,Line 3
上海市上海火车站(地铁站),上海市静安区上海火车站(地铁站),中国,上海市,上海市,021,静安区,310106,"121.457939,31.249632",公交地铁站点,3号线,上海火车站,Shanghai Railway Station,Line 3
上海市宝山路(地铁站),上海市静安区宝山路(地铁站),中国,上海市,上海市,021,静安区,310106,"121.476298,31.251523",公交地铁站点,3号线,宝山路,Baoshan Road,Line 3
上海市东宝兴路(地铁站),上海市虹口区东宝兴路(地铁站),中国,上海市,上海市,021,虹口区,310109,"121.480202,31.259886",公交地铁站点,3号线,东宝兴路,Dongbaoxing Road,Line 3
上海市虹口足球场(地铁站),上海市虹口区虹口足球场(地铁站),中国,上海市,上海市,021,虹口区,310109,"121.479154,31.271392",公交地铁站点,3号线,虹口足球场,Hongkou Football Stadium,Line 3
上海市赤峰路(地铁站),上海市虹口区赤峰路(地铁站),中国,上海市,上海市,021,虹口区,310109,"121.482429,31.281247",公交地铁站点,3号线,赤峰路,Chifeng Road,Line 3
上海市大柏树(地铁站),上海市虹口区大柏树(地铁站),中国,上海市,上海市,021,虹口区,310109,"121.483216,31.289433",公交地铁站点,3号线,大柏树,Dabaishu,Line 3
上海市江湾镇(地铁站),上海市虹口区江湾镇(地铁站),中国,上海市,上海市,021,虹口区,310109,"121.485064,31.305566",公交地铁站点,3号线,江湾镇,Jiangwan Town,Line 3
上海市殷高西路(地铁站),上海市宝山区殷高西路(地铁站),中国,上海市,上海市,021,宝山区,310113,"121.484856,31.320005",公交地铁站点,3号线,殷高西路,West Yingao Road,Line 3
上海市长江南路(地铁站),上海市宝山区长江南路(地铁站),中国,上海市,上海市,021,宝山区,310113,"121.491482,31.332062",公交地铁站点,3号线,长江南路,South Changjiang Road,Line 3
上海市淞发路(地铁站),上海市宝山区淞发路(地铁站),中国,上海市,上海市,021,宝山区,310113,"121.500390,31.345135",公交地铁站点,3号线,淞发路,Songfa Road,Line 3
上海市张华浜(地铁站),上海市宝山区张华浜(地铁站),中国,上海市,上海市,021,宝山区,310113,"121.498671,31.358016",公交地铁站点,3号线,张华浜,Zhanghuabang,Line 3
上海市淞滨路(地铁站),上海市宝山区淞滨路(地铁站),中国,上海市,上海市,021,宝山区,310113,"121.492818,31.370928",公交地铁站点,3号线,淞滨路,Songbin Road,Line 3
上海市水产路(地铁站),上海市宝山区水产路(地铁站),中国,上海市,上海市,021,宝山区,310113,"121.488247,31.381302",公交地铁站点,3号线,水产路,Shuichan Road,Line 3
上海市宝杨路(地铁站),上海市宝山区宝杨路(地铁站),中国,上海市,上海市,021,宝山区,310113,"121.479574,31.395315",公交地铁站点,3号线,宝杨路,Baoyang Road,Line 3
上海市友谊路(地铁站),上海市宝山区友谊路(地铁站),中国,上海市,上海市,021,宝山区,310113,"121.475924,31.404016",公交地铁站点,3号线,友谊路,Youyi Road,Line 3
上海市铁力路(地铁站),上海市宝山区铁力路(地铁站),中国,上海市,上海市,021,宝山区,310113,"121.461139,31.408120",公交地铁站点,3号线,铁力路,Tieli Road,Line 3
上海市江杨北路(地铁站),上海市宝山区江杨北路(地铁站),中国,上海市,上海市,021,宝山区,310113,"121.439819,31.407858",公交地铁站点,3号线,江杨北路,North Jiangyang Road,Line 3
上海市宜山路(地铁站),上海市徐汇区宜山路(地铁站),中国,上海市,上海市,021,徐汇区,310104,"121.427194,31.186717",公交地铁站点,4号线,宜山路,Yishan Road,Line 4
上海市虹桥路(地铁站),上海市长宁区虹桥路(地铁站),中国,上海市,上海市,021,长宁区,310105,"121.420814,31.197524",公交地铁站点,4号线,虹桥路,Hongqiao Road,Line 4
上海市延安西路(地铁站),上海市长宁区延安西路(地铁站),中国,上海市,上海市,021,长宁区,310105,"121.417062,31.209616",公交地铁站点,4号线,延安西路,West Yan'an Road,Line 4
上海市中山公园(地铁站),上海市长宁区中山公园(地铁站),中国,上海市,上海市,021,长宁区,310105,"121.415773,31.217948",公交地铁站点,4号线,中山公园,Zhongshan Park,Line 4
上海市金沙江路(地铁站),上海市普陀区金沙江路(地铁站),中国,上海市,上海市,021,普陀区,310107,"121.413201,31.232147",公交地铁站点,4号线,金沙江路,Jinshajiang Road,Line 4
上海市曹杨路(地铁站),上海市普陀区曹杨路(地铁站),中国,上海市,上海市,021,普陀区,310107,"121.417701,31.239302",公交地铁站点,4号线,曹杨路,Caoyang Road,Line 4
上海市镇坪路(地铁站),上海市普陀区镇坪路(地铁站),中国,上海市,上海市,021,普陀区,310107,"121.429779,31.246369",公交地铁站点,4号线,镇坪路,Zhenping Road,Line 4
上海市中潭路(地铁站),上海市普陀区中潭路(地铁站),中国,上海市,上海市,021,普陀区,310107,"121.441001,31.254568",公交地铁站点,4号线,中潭路,Zhongtan Road,Line 4
上海市上海火车站(地铁站),上海市静安区上海火车站(地铁站),中国,上海市,上海市,021,静安区,310106,"121.457939,31.249632",公交地铁站点,4号线,上海火车站,Shanghai Railway Station,Line 4
上海市宝山路(地铁站),上海市静安区宝山路(地铁站),中国,上海市,上海市,021,静安区,310106,"121.476298,31.251523",公交地铁站点,4号线,宝山路,Baoshan Road,Line 4
上海市海伦路(地铁站),上海市虹口区海伦路(地铁站),中国,上海市,上海市,021,虹口区,310109,"121.488697,31.259303",公交地铁站点,4号线,海伦路,Hailun Road,Line 4
上海市临平路(地铁站),上海市虹口区临平路(地铁站),中国,上海市,上海市,021,虹口区,310109,"121.500696,31.260874",公交地铁站点,4号线,临平路,Linping Road,Line 4
上海市大连路(地铁站),上海市虹口区大连路(地铁站),中国,上海市,上海市,021,虹口区,310109,"121.513088,31.257938",公交地铁站点,4号线,大连路,Dalian Road,Line 4
上海市杨树浦路(地铁站),上海市虹口区杨树浦路(地铁站),中国,上海市,上海市,021,虹口区,310109,"121.517210,31.251935",公交地铁站点,4号线,杨树浦路,Yangshupu Road,Line 4
上海市浦东大道(地铁站),上海市浦东新区浦东大道(地铁站),中国,上海市,上海市,021,浦东新区,310115,"121.519302,31.240308",公交地铁站点,4号线,浦东大道,Pudong Avenue,Line 4
上海市世纪大道(地铁站),上海市浦东新区世纪大道(地铁站),中国,上海市,上海市,021,浦东新区,310115,"121.527213,31.228682",公交地铁站点,4号线,世纪大道,Century Avenue,Line 4
上海市浦电路(地铁站),上海市徐汇区龙华(地铁站),中国,上海市,上海市,021,徐汇区,310104,"121.452958,31.172672",公交地铁站点,4号线,浦电路,Pudian Road,Line 4
上海市蓝村路(地铁站),上海市浦东新区蓝村路(地铁站),中国,上海市,上海市,021,浦东新区,310115,"121.527627,31.211672",公交地铁站点,4号线,蓝村路,Lancun Road,Line 4
上海市塘桥(地铁站),上海市浦东新区塘桥(地铁站),中国,上海市,上海市,021,浦东新区,310115,"121.518690,31.209762",公交地铁站点,4号线,塘桥,Tangqiao,Line 4
上海市南浦大桥(地铁站),上海市徐汇区内环高架路龙华(地铁站),中国,上海市,上海市,021,徐汇区,310104,"121.452958,31.172672",公交地铁站点,4号线,南浦大桥,Nanpu Bridge,Line 4
上海市西藏南路(地铁站),上海市黄浦区西藏南路(地铁站),中国,上海市,上海市,021,黄浦区,310101,"121.489555,31.201967",公交地铁站点,4号线,西藏南路,South Xizang Road,Line 4
上海市鲁班路(地铁站),上海市黄浦区鲁班路(地铁站),中国,上海市,上海市,021,黄浦区,310101,"121.475148,31.199221",公交地铁站点,4号线,鲁班路,Luban Road,Line 4
上海市大木桥路(地铁站),上海市徐汇区大木桥路(地铁站),中国,上海市,上海市,021,徐汇区,310104,"121.463278,31.194057",公交地铁站点,4号线,大木桥路,Damuqiao Road,Line 4
上海市东安路(地铁站),上海市徐汇区东安路龙华(地铁站),中国,上海市,上海市,021,徐汇区,310104,"121.452958,31.172672",公交地铁站点,4号线,东安路,Dong'an Road,Line 4
上海市上海体育场(地铁站),上海市徐汇区上海体育场(地铁站),中国,上海市,上海市,021,徐汇区,310104,"121.443529,31.185605",公交地铁站点,4号线,上海体育场,Shanghai Stadium,Line 4
上海市上海体育馆(地铁站),上海市徐汇区上海体育馆龙华(地铁站),中国,上海市,上海市,021,徐汇区,310104,"121.452958,31.172672",公交地铁站点,4号线,上海体育馆,Shanghai Indoor Stadium,Line 4
上海市宜山路(地铁站),上海市徐汇区宜山路(地铁站),中国,上海市,上海市,021,徐汇区,310104,"121.427194,31.186717",公交地铁站点,4号线,宜山路,Yishan Road,Line 4
上海市莘庄(地铁站),上海市闵行区莘庄(地铁站),中国,上海市,上海市,021,闵行区,310112,"121.385373,31.111152",公交地铁站点,5号线,莘庄,Xinzhuang,Line 5
上海市春申路(地铁站),上海市闵行区春申路(地铁站),中国,上海市,上海市,021,闵行区,310112,"121.385818,31.098250",公交地铁站点,5号线,春申路,Chunshen Road,Line 5
上海市银都路(地铁站),上海市闵行区银都路(地铁站),中国,上海市,上海市,021,闵行区,310112,"121.390264,31.089345",公交地铁站点,5号线,银都路,Yindu Road,Line 5
上海市颛桥(地铁站),上海市闵行区颛桥(地铁站),中国,上海市,上海市,021,闵行区,310112,"121.401868,31.067013",公交地铁站点,5号线,颛桥,Zhuanqiao,Line 5
上海市北桥(地铁站),上海市闵行区北桥(地铁站),中国,上海市,上海市,021,闵行区,310112,"121.410054,31.045112",公交地铁站点,5号线,北桥,Beiqiao,Line 5
上海市剑川路(地铁站),上海市闵行区剑川路(地铁站),中国,上海市,上海市,021,闵行区,310112,"121.416582,31.026483",公交地铁站点,5号线,剑川路,Jianchuan Road,Line 5
上海市东川路(地铁站),上海市闵行区东川路(地铁站),中国,上海市,上海市,021,闵行区,310112,"121.419901,31.018197",公交地铁站点,5号线,东川路,Dongchuan Road,Line 5
上海市江川路(地铁站),上海市闵行区江川路(地铁站),中国,上海市,上海市,021,闵行区,310112,"121.423474,31.005428",公交地铁站点,5号线,江川路,Jiangchuan Road,Line 5
上海市西渡(地铁站),上海市奉贤区西渡(地铁站),中国,上海市,上海市,021,奉贤区,310120,"121.432441,30.989350",公交地铁站点,5号线,西渡,Xidu,Line 5
上海市萧塘(地铁站),上海市奉贤区萧塘(地铁站),中国,上海市,上海市,021,奉贤区,310120,"121.441857,30.965888",公交地铁站点,5号线,萧塘,Xiaotang,Line 5
上海市奉浦大道(地铁站),上海市奉贤区奉浦大道(地铁站),中国,上海市,上海市,021,奉贤区,310120,"121.448984,30.942055",公交地铁站点,5号线,奉浦大道,Fengpu Avenue,Line 5
上海市环城东路(地铁站),上海市奉贤区环城东路(地铁站),中国,上海市,上海市,021,奉贤区,310120,"121.463204,30.931168",公交地铁站点,5号线,环城东路,Huanchengdong Road,Line 5
上海市望园路(地铁站),上海市奉贤区望园路(地铁站),中国,上海市,上海市,021,奉贤区,310120,"121.483580,30.931940",公交地铁站点,5号线,望园路,Wangyuan Road,Line 5
上海市金海湖(地铁站),上海市奉贤区金海湖(地铁站),中国,上海市,上海市,021,奉贤区,310120,"121.492506,30.928805",公交地铁站点,5号线,金海湖,Jinhai Lake,Line 5
上海市奉贤新城(地铁站),上海市奉贤区奉贤新城(地铁站),中国,上海市,上海市,021,奉贤区,310120,"121.496290,30.913916",公交地铁站点,5号线,奉贤新城,Fengxian Xincheng,Line 5
上海市平庄公路(地铁站),上海市徐汇区龙华(地铁站),中国,上海市,上海市,021,徐汇区,310104,"121.452958,31.172672",公交地铁站点,5号线,平庄公路,Pingzhuang Highway,Line 5
上海市东川路(地铁站),上海市闵行区东川路(地铁站),中国,上海市,上海市,021,闵行区,310112,"121.419901,31.018197",公交地铁站点,5号线,东川路,Dongchuan Road,Line 5b
上海市金平路(地铁站),上海市闵行区金平路(地铁站),中国,上海市,上海市,021,闵行区,310112,"121.410186,31.011282",公交地铁站点,5号线,金平路,Jinping Road,Line 5b
上海市华宁路(地铁站),上海市闵行区华宁路(地铁站),中国,上海市,上海市,021,闵行区,310112,"121.395255,31.007467",公交地铁站点,5号线,华宁路,Huaning Road,Line 5b
上海市文井路(地铁站),上海市闵行区文井路(地铁站),中国,上海市,上海市,021,闵行区,310112,"121.380775,31.003597",公交地铁站点,5号线,文井路,Wenjing Road,Line 5b
上海市闵行开发区(地铁站),上海市闵行区闵行开发区(地铁站),中国,上海市,上海市,021,闵行区,310112,"121.369712,31.000627",公交地铁站点,5号线,闵行开发区,Minhang Development Zone,Line 5b
上海市港城路(地铁站),上海市浦东新区港城路(地铁站),中国,上海市,上海市,021,浦东新区,310115,"121.575017,31.353223",公交地铁站点,6号线,港城路,Gangcheng Road,Line 6
上海市外高桥保税区北(地铁站),上海市浦东新区外高桥保税区北(地铁站),中国,上海市,上海市,021,浦东新区,310115,"121.586926,31.347802",公交地铁站点,6号线,外高桥保税区北,North Waigaoqiao Free Trade Zone,Line 6
上海市航津路(地铁站),上海市浦东新区航津路(地铁站),中国,上海市,上海市,021,浦东新区,310115,"121.593974,31.335371",公交地铁站点,6号线,航津路,Hangjin Road,Line 6
上海市外高桥保税区南(地铁站),上海市浦东新区外高桥保税区南(地铁站),中国,上海市,上海市,021,浦东新区,310115,"121.601963,31.321578",公交地铁站点,6号线,外高桥保税区南,South Waigaoqiao Free Trade Zone,Line 6
上海市洲海路(地铁站),上海市浦东新区洲海路(地铁站),中国,上海市,上海市,021,浦东新区,310115,"121.589396,31.312229",公交地铁站点,6号线,洲海路,Zhouhai Road,Line 6
上海市五洲大道(地铁站),上海市浦东新区五洲大道(地铁站),中国,上海市,上海市,021,浦东新区,310115,"121.589212,31.302569",公交地铁站点,6号线,五洲大道,Wuzhou Avenue,Line 6
上海市东靖路(地铁站),上海市浦东新区东靖路(地铁站),中国,上海市,上海市,021,浦东新区,310115,"121.588736,31.290684",公交地铁站点,6号线,东靖路,Dongjing Road,Line 6
上海市巨峰路(地铁站),上海市浦东新区巨峰路(地铁站),中国,上海市,上海市,021,浦东新区,310115,"121.588365,31.280684",公交地铁站点,6号线,巨峰路,Jufeng Road,Line 6
上海市五莲路(地铁站),上海市浦东新区五莲路(地铁站),中国,上海市,上海市,021,浦东新区,310115,"121.587866,31.272025",公交地铁站点,6号线,五莲路,Wulian Road,Line 6
上海市博兴路(地铁站),上海市浦东新区博兴路(地铁站),中国,上海市,上海市,021,浦东新区,310115,"121.586689,31.263520",公交地铁站点,6号线,博兴路,Boxing Road,Line 6
上海市金桥路(地铁站),上海市浦东新区金桥路(地铁站),中国,上海市,上海市,021,浦东新区,310115,"121.581817,31.257084",公交地铁站点,6号线,金桥路,Jinqiao Road,Line 6
上海市云山路(地铁站),上海市浦东新区云山路(地铁站),中国,上海市,上海市,021,浦东新区,310115,"121.571153,31.250969",公交地铁站点,6号线,云山路,Yunshan Road,Line 6
上海市德平路(地铁站),上海市浦东新区德平路(地铁站),中国,上海市,上海市,021,浦东新区,310115,"121.564237,31.245400",公交地铁站点,6号线,德平路,Deping Road,Line 6
上海市北洋泾路(地铁站),上海市浦东新区北洋泾路(地铁站),中国,上海市,上海市,021,浦东新区,310115,"121.552314,31.239145",公交地铁站点,6号线,北洋泾路,Beiyangjing Road,Line 6
上海市民生路(地铁站),上海市浦东新区民生路(地铁站),中国,上海市,上海市,021,浦东新区,310115,"121.543527,31.235851",公交地铁站点,6号线,民生路,Minsheng Road,Line 6
上海市源深体育中心(地铁站),上海市浦东新区源深体育中心(地铁站),中国,上海市,上海市,021,浦东新区,310115,"121.534642,31.233004",公交地铁站点,6号线,源深体育中心,Yuanshen Stadium,Line 6
上海市世纪大道(地铁站),上海市浦东新区世纪大道(地铁站),中国,上海市,上海市,021,浦东新区,310115,"121.527213,31.228682",公交地铁站点,6号线,世纪大道,Century Avenue,Line 6
上海市浦电路(地铁站),上海市徐汇区龙华(地铁站),中国,上海市,上海市,021,徐汇区,310104,"121.452958,31.172672",公交地铁站点,6号线,浦电路,Pudian Road,Line 6
上海市蓝村路(地铁站),上海市浦东新区蓝村路(地铁站),中国,上海市,上海市,021,浦东新区,310115,"121.527627,31.211672",公交地铁站点,6号线,蓝村路,Lancun Road,Line 6
上海市上海儿童医学中心(地铁站),上海市浦东新区上海儿童医学中心(地铁站),中国,上海市,上海市,021,浦东新区,310115,"121.523482,31.203277",公交地铁站点,6号线,上海儿童医学中心,Shanghai Children's Medical Center,Line 6
上海市临沂新村(地铁站),上海市浦东新区临沂新村(地铁站),中国,上海市,上海市,021,浦东新区,310115,"121.516695,31.193202",公交地铁站点,6号线,临沂新村,Linyi Xincun,Line 6
上海市高科西路(地铁站),上海市浦东新区高科西路(地铁站),中国,上海市,上海市,021,浦东新区,310115,"121.509845,31.185761",公交地铁站点,6号线,高科西路,West Gaoke Road,Line 6
上海市东明路(地铁站),上海市浦东新区东明路(地铁站),中国,上海市,上海市,021,浦东新区,310115,"121.510868,31.172646",公交地铁站点,6号线,东明路,Dongming Road,Line 6
上海市高青路(地铁站),上海市浦东新区高青路(地铁站),中国,上海市,上海市,021,浦东新区,310115,"121.515787,31.159907",公交地铁站点,6号线,高青路,Gaoqing Road,Line 6
上海市华夏西路(地铁站),上海市浦东新区华夏西路(地铁站),中国,上海市,上海市,021,浦东新区,310115,"121.514539,31.149878",公交地铁站点,6号线,华夏西路,West Huaxia Road,Line 6
上海市上南路(地铁站),上海市浦东新区上南路(地铁站),中国,上海市,上海市,021,浦东新区,310115,"121.506447,31.148820",公交地铁站点,6号线,上南路,Shangnan Road,Line 6
上海市灵岩南路(地铁站),上海市浦东新区灵岩南路(地铁站),中国,上海市,上海市,021,浦东新区,310115,"121.495295,31.148665",公交地铁站点,6号线,灵岩南路,South Lingyan Road,Line 6
上海市东方体育中心(地铁站),上海市浦东新区东方体育中心(地铁站),中国,上海市,上海市,021,浦东新区,310115,"121.480304,31.153366",公交地铁站点,6号线,东方体育中心,Oriental Sports Center,Line 6
上海市美兰湖(地铁站),上海市宝山区美兰湖(地铁站),中国,上海市,上海市,021,宝山区,310113,"121.349894,31.401889",公交地铁站点,7号线,美兰湖,Meilan Lake,Line 7
上海市罗南新村(地铁站),上海市宝山区罗南新村(地铁站),中国,上海市,上海市,021,宝山区,310113,"121.357470,31.388831",公交地铁站点,7号线,罗南新村,Luonan Xincun,Line 7
上海市潘广路(地铁站),上海市宝山区潘广路(地铁站),中国,上海市,上海市,021,宝山区,310113,"121.355845,31.364182",公交地铁站点,7号线,潘广路,Panguang Road,Line 7
上海市刘行(地铁站),上海市宝山区刘行(地铁站),中国,上海市,上海市,021,宝山区,310113,"121.362376,31.357586",公交地铁站点,7号线,刘行,Liuhang,Line 7
上海市顾村公园(地铁站),上海市宝山区顾村公园(地铁站),中国,上海市,上海市,021,宝山区,310113,"121.373009,31.344594",公交地铁站点,7号线,顾村公园,Gucun Park,Line 7
上海市祁华路(地铁站),上海市宝山区祁华路(地铁站),中国,上海市,上海市,021,宝山区,310113,"121.373529,31.322388",公交地铁站点,7号线,祁华路,Qihua Road,Line 7
上海市上海大学(地铁站),上海市宝山区上海大学(地铁站),中国,上海市,上海市,021,宝山区,310113,"121.388884,31.320586",公交地铁站点,7号线,上海大学,Shanghai University,Line 7
上海市南陈路(地铁站),上海市宝山区南陈路(地铁站),中国,上海市,上海市,021,宝山区,310113,"121.398419,31.321740",公交地铁站点,7号线,南陈路,Nanchen Road,Line 7
上海市上大路(地铁站),上海市宝山区上大路(地铁站),中国,上海市,上海市,021,宝山区,310113,"121.408686,31.314969",公交地铁站点,7号线,上大路,Shangda Road,Line 7
上海市场中路(地铁站),上海市宝山区场中路(地铁站),中国,上海市,上海市,021,宝山区,310113,"121.413458,31.303682",公交地铁站点,7号线,场中路,Changzhong Road,Line 7
上海市大场镇(地铁站),上海市宝山区大场镇(地铁站),中国,上海市,上海市,021,宝山区,310113,"121.416157,31.293259",公交地铁站点,7号线,大场镇,Dachang Town,Line 7
上海市行知路(地铁站),上海市宝山区行知路(地铁站),中国,上海市,上海市,021,宝山区,310113,"121.421770,31.284496",公交地铁站点,7号线,行知路,Xingzhi Road,Line 7
上海市大华三路(地铁站),上海市宝山区大华三路(地铁站),中国,上海市,上海市,021,宝山区,310113,"121.422949,31.274047",公交地铁站点,7号线,大华三路,Dahuasan Road,Line 7
上海市新村路(地铁站),上海市普陀区新村路(地铁站),中国,上海市,上海市,021,普陀区,310107,"121.422668,31.263855",公交地铁站点,7号线,新村路,Xincun Road,Line 7
上海市岚皋路(地铁站),上海市普陀区岚皋路(地铁站),中国,上海市,上海市,021,普陀区,310107,"121.421939,31.256198",公交地铁站点,7号线,岚皋路,Langao Road,Line 7
上海市镇坪路(地铁站),上海市普陀区镇坪路(地铁站),中国,上海市,上海市,021,普陀区,310107,"121.429779,31.246369",公交地铁站点,7号线,镇坪路,Zhenping Road,Line 7
上海市长寿路(地铁站),上海市普陀区长寿路(地铁站),中国,上海市,上海市,021,普陀区,310107,"121.438272,31.240860",公交地铁站点,7号线,长寿路,Changshou Road,Line 7
上海市昌平路(地铁站),上海市静安区昌平路(地铁站),中国,上海市,上海市,021,静安区,310106,"121.442617,31.233749",公交地铁站点,7号线,昌平路,Changping Road,Line 7
上海市静安寺(地铁站),上海市静安区静安寺(地铁站),中国,上海市,上海市,021,静安区,310106,"121.446533,31.223231",公交地铁站点,7号线,静安寺,Jing'an Temple,Line 7
上海市常熟路(地铁站),上海市徐汇区常熟路(地铁站),中国,上海市,上海市,021,徐汇区,310104,"121.449141,31.213524",公交地铁站点,7号线,常熟路,Changshu Road,Line 7
上海市肇嘉浜路(地铁站),上海市徐汇区肇嘉浜路(地铁站),中国,上海市,上海市,021,徐汇区,310104,"121.450212,31.199436",公交地铁站点,7号线,肇嘉浜路,Zhaojiabang Road,Line 7
上海市东安路(地铁站),上海市徐汇区东安路龙华(地铁站),中国,上海市,上海市,021,徐汇区,310104,"121.452958,31.172672",公交地铁站点,7号线,东安路,Dong'an Road,Line 7
上海市龙华中路(地铁站),上海市徐汇区龙华中路龙华(地铁站),中国,上海市,上海市,021,徐汇区,310104,"121.452958,31.172672",公交地铁站点,7号线,龙华中路,Middle Longhua Road,Line 7
上海市后滩(地铁站),上海市浦东新区后滩(地铁站),中国,上海市,上海市,021,浦东新区,310115,"121.473756,31.171918",公交地铁站点,7号线,后滩,Houtan,Line 7
上海市长清路(地铁站),上海市浦东新区长清路(地铁站),中国,上海市,上海市,021,浦东新区,310115,"121.488524,31.174008",公交地铁站点,7号线,长清路,Changqing Road,Line 7
上海市耀华路(地铁站),上海市浦东新区耀华路(地铁站),中国,上海市,上海市,021,浦东新区,310115,"121.494605,31.178513",公交地铁站点,7号线,耀华路,Yaohua Road,Line 7
上海市云台路(地铁站),上海市浦东新区云台路(地铁站),中国,上海市,上海市,021,浦东新区,310115,"121.500439,31.182212",公交地铁站点,7号线,云台路,Yuntai Road,Line 7
上海市高科西路(地铁站),上海市浦东新区高科西路(地铁站),中国,上海市,上海市,021,浦东新区,310115,"121.509845,31.185761",公交地铁站点,7号线,高科西路,West Gaoke Road,Line 7
上海市杨高南路(地铁站),上海市浦东新区杨高南路(地铁站),中国,上海市,上海市,021,浦东新区,310115,"121.524539,31.187613",公交地铁站点,7号线,杨高南路,South Yanggao Road,Line 7
上海市锦绣路(地铁站),上海市浦东新区锦绣路(地铁站),中国,上海市,上海市,021,浦东新区,310115,"121.540041,31.187592",公交地铁站点,7号线,锦绣路,Jinxiu Road,Line 7
上海市芳华路(地铁站),上海市浦东新区芳华路(地铁站),中国,上海市,上海市,021,浦东新区,310115,"121.550115,31.193110",公交地铁站点,7号线,芳华路,Fanghua Road,Line 7
上海市龙阳路(地铁站),上海市浦东新区龙阳路(地铁站),中国,上海市,上海市,021,浦东新区,310115,"121.557634,31.203575",公交地铁站点,7号线,龙阳路,Longyang Road,Line 7
上海市花木路(地铁站),上海市浦东新区花木路(地铁站),中国,上海市,上海市,021,浦东新区,310115,"121.562754,31.211212",公交地铁站点,7号线,花木路,Huamu Road,Line 7
上海市市光路(地铁站),上海市杨浦区市光路(地铁站),中国,上海市,上海市,021,杨浦区,310110,"121.531933,31.322724",公交地铁站点,8号线,市光路,Shiguang Road,Line 8
上海市嫩江路(地铁站),上海市杨浦区嫩江路(地铁站),中国,上海市,上海市,021,杨浦区,310110,"121.531954,31.314804",公交地铁站点,8号线,嫩江路,Nenjiang Road,Line 8
上海市翔殷路(地铁站),上海市杨浦区翔殷路(地铁站),中国,上海市,上海市,021,杨浦区,310110,"121.531974,31.305002",公交地铁站点,8号线,翔殷路,Xiangyin Road,Line 8
上海市黃興公園(地铁站),上海市杨浦区黄兴公园(地铁站),中国,上海市,上海市,021,杨浦区,310110,"121.533383,31.295389",公交地铁站点,8号线,黃興公園,Huangxing Park,Line 8
上海市延吉中路(地铁站),上海市杨浦区延吉中路(地铁站),中国,上海市,上海市,021,杨浦区,310110,"121.534941,31.288543",公交地铁站点,8号线,延吉中路,Middle Yanji Road,Line 8
上海市黃興路(地铁站),上海市杨浦区黄兴路(地铁站),中国,上海市,上海市,021,杨浦区,310110,"121.528401,31.278814",公交地铁站点,8号线,黃興路,Huangxing Road,Line 8
上海市江浦路(地铁站),上海市杨浦区江浦路(地铁站),中国,上海市,上海市,021,杨浦区,310110,"121.518379,31.274946",公交地铁站点,8号线,江浦路,Jiangpu Road,Line 8
上海市鞍山新村(地铁站),上海市杨浦区鞍山新村(地铁站),中国,上海市,上海市,021,杨浦区,310110,"121.509685,31.273242",公交地铁站点,8号线,鞍山新村,Anshan Xincun,Line 8
上海市四平路(地铁站),上海市虹口区四平路(地铁站),中国,上海市,上海市,021,虹口区,310109,"121.501488,31.274880",公交地铁站点,8号线,四平路,Siping Road,Line 8
上海市曲陽路(地铁站),上海市虹口区曲阳路(地铁站),中国,上海市,上海市,021,虹口区,310109,"121.491138,31.276524",公交地铁站点,8号线,曲陽路,Quyang Road,Line 8
上海市虹口足球場(地铁站),上海市虹口区虹口足球场(地铁站),中国,上海市,上海市,021,虹口区,310109,"121.479154,31.271392",公交地铁站点,8号线,虹口足球場,Hongkou Football Stadium,Line 8
上海市西藏北路(地铁站),上海市静安区西藏北路(地铁站),中国,上海市,上海市,021,静安区,310106,"121.468818,31.263453",公交地铁站点,8号线,西藏北路,North Xizang Road,Line 8
上海市中興路(地铁站),上海市静安区中兴路(地铁站),中国,上海市,上海市,021,静安区,310106,"121.469026,31.253228",公交地铁站点,8号线,中興路,Zhongxing Road,Line 8
上海市曲阜路(地铁站),上海市静安区曲阜路(地铁站),中国,上海市,上海市,021,静安区,310106,"121.471543,31.242307",公交地铁站点,8号线,曲阜路,Qufu Road,Line 8
上海市人民廣場(地铁站),上海市黄浦区人民广场(地铁站),中国,上海市,上海市,021,黄浦区,310101,"121.475108,31.232687",公交地铁站点,8号线,人民廣場,People's Square,Line 8
上海市大世界(地铁站),上海市黄浦区大世界(地铁站),中国,上海市,上海市,021,黄浦区,310101,"121.479182,31.227392",公交地铁站点,8号线,大世界,Dashijie,Line 8
上海市老西門(地铁站),上海市黄浦区老西门(地铁站),中国,上海市,上海市,021,黄浦区,310101,"121.483793,31.219014",公交地铁站点,8号线,老西門,Laoximen,Line 8
上海市陆家浜路(地铁站),上海市黄浦区陆家浜路(地铁站),中国,上海市,上海市,021,黄浦区,310101,"121.486115,31.211789",公交地铁站点,8号线,陆家浜路,Lujiabang Road,Line 8
上海市西藏南路(地铁站),上海市黄浦区西藏南路(地铁站),中国,上海市,上海市,021,黄浦区,310101,"121.489555,31.201967",公交地铁站点,8号线,西藏南路,South Xizang Road,Line 8
上海市中华艺术宫(地铁站),上海市浦东新区中华艺术宫(地铁站),中国,上海市,上海市,021,浦东新区,310115,"121.493626,31.185242",公交地铁站点,8号线,中华艺术宫,China Art Museum,Line 8
上海市耀華路(地铁站),上海市浦东新区耀华路(地铁站),中国,上海市,上海市,021,浦东新区,310115,"121.494605,31.178513",公交地铁站点,8号线,耀華路,Yaohua Road,Line 8
上海市成山路(地铁站),上海市浦东新区成山路(地铁站),中国,上海市,上海市,021,浦东新区,310115,"121.496326,31.170511",公交地铁站点,8号线,成山路,Chengshan Road,Line 8
上海市杨思(地铁站),上海市浦东新区杨思(地铁站),中国,上海市,上海市,021,浦东新区,310115,"121.493443,31.161054",公交地铁站点,8号线,杨思,Yangsi,Line 8
上海市东方体育中心(地铁站),上海市浦东新区东方体育中心(地铁站),中国,上海市,上海市,021,浦东新区,310115,"121.480304,31.153366",公交地铁站点,8号线,东方体育中心,Oriental Sports Center,Line 8
上海市凌兆新村(地铁站),上海市浦东新区凌兆新村(地铁站),中国,上海市,上海市,021,浦东新区,310115,"121.489663,31.141301",公交地铁站点,8号线,凌兆新村,Lingzhao Xincun,Line 8
上海市芦恒路(地铁站),上海市闵行区芦恒路(地铁站),中国,上海市,上海市,021,闵行区,310112,"121.498226,31.119059",公交地铁站点,8号线,芦恒路,Luheng Road,Line 8
上海市浦江镇(地铁站),上海市闵行区浦江镇(地铁站),中国,上海市,上海市,021,闵行区,310112,"121.506272,31.096590",公交地铁站点,8号线,浦江镇,Pujiang Town,Line 8
上海市江月路(地铁站),上海市闵行区江月路(地铁站),中国,上海市,上海市,021,闵行区,310112,"121.508603,31.084253",公交地铁站点,8号线,江月路,Jiangyue Road,Line 8
上海市联航路(地铁站),上海市闵行区联航路(地铁站),中国,上海市,上海市,021,闵行区,310112,"121.510594,31.073567",公交地铁站点,8号线,联航路,Lianhang Road,Line 8
上海市沈杜公路(地铁站),上海市闵行区沈杜公路(地铁站),中国,上海市,上海市,021,闵行区,310112,"121.512272,31.061427",公交地铁站点,8号线,沈杜公路,Shendu Highway,Line 8
上海市松江南站(地铁站),上海市松江区松江南站(地铁站),中国,上海市,上海市,021,松江区,310117,"121.230884,30.984818",公交地铁站点,9号线,松江南站,Songjiang South Railway Station,Line 9
上海市醉白池(地铁站),上海市松江区醉白池(地铁站),中国,上海市,上海市,021,松江区,310117,"121.229361,31.001125",公交地铁站点,9号线,醉白池,Zuibaichi Park,Line 9
上海市松江体育中心(地铁站),上海市松江区松江体育中心(地铁站),中国,上海市,上海市,021,松江区,310117,"121.230546,31.016006",公交地铁站点,9号线,松江体育中心,Songjiang Sports Center,Line 9
上海市松江新城(地铁站),上海市松江区松江新城(地铁站),中国,上海市,上海市,021,松江区,310117,"121.230739,31.030295",公交地铁站点,9号线,松江新城,Songjiang Xincheng,Line 9
上海市松江大学城(地铁站),上海市松江区松江大学城(地铁站),中国,上海市,上海市,021,松江区,310117,"121.232577,31.053984",公交地铁站点,9号线,松江大学城,Songjiang University Town,Line 9
上海市洞涇(地铁站),上海市松江区洞泾(地铁站),中国,上海市,上海市,021,松江区,310117,"121.230473,31.084492",公交地铁站点,9号线,洞涇,Dongjing,Line 9
上海市佘山(地铁站),上海市松江区佘山(地铁站),中国,上海市,上海市,021,松江区,310117,"121.229686,31.104097",公交地铁站点,9号线,佘山,Sheshan,Line 9
上海市泗涇(地铁站),上海市松江区泗泾(地铁站),中国,上海市,上海市,021,松江区,310117,"121.260247,31.118272",公交地铁站点,9号线,泗涇,Sijing,Line 9
上海市九亭(地铁站),上海市松江区九亭(地铁站),中国,上海市,上海市,021,松江区,310117,"121.319423,31.137252",公交地铁站点,9号线,九亭,Jiuting,Line 9
上海市中春路(地铁站),上海市闵行区中春路(地铁站),中国,上海市,上海市,021,闵行区,310112,"121.337700,31.149415",公交地铁站点,9号线,中春路,Zhongchun Road,Line 9
上海市七寳(地铁站),上海市闵行区七宝(地铁站),中国,上海市,上海市,021,闵行区,310112,"121.349221,31.155287",公交地铁站点,9号线,七寳,Qibao,Line 9
上海市星中路(地铁站),上海市闵行区星中路(地铁站),中国,上海市,上海市,021,闵行区,310112,"121.368903,31.158109",公交地铁站点,9号线,星中路,Xingzhong Road,Line 9
上海市合川路(地铁站),上海市闵行区合川路(地铁站),中国,上海市,上海市,021,闵行区,310112,"121.384772,31.166542",公交地铁站点,9号线,合川路,Hechuan Road,Line 9
上海市漕河涇开发区(地铁站),上海市徐汇区漕河泾开发区(地铁站),中国,上海市,上海市,021,徐汇区,310104,"121.397769,31.170644",公交地铁站点,9号线,漕河涇开发区,Caohejing Hi-Tech Park,Line 9
上海市桂林路(地铁站),上海市徐汇区桂林路(地铁站),中国,上海市,上海市,021,徐汇区,310104,"121.418064,31.174791",公交地铁站点,9号线,桂林路,Guilin Road,Line 9
上海市宜山路(地铁站),上海市徐汇区宜山路(地铁站),中国,上海市,上海市,021,徐汇区,310104,"121.427194,31.186717",公交地铁站点,9号线,宜山路,Yishan Road,Line 9
上海市徐家汇(地铁站),上海市徐汇区徐家汇龙华(地铁站),中国,上海市,上海市,021,徐汇区,310104,"121.452958,31.172672",公交地铁站点,9号线,徐家汇,Xujiahui,Line 9
上海市肇嘉浜路(地铁站),上海市徐汇区肇嘉浜路(地铁站),中国,上海市,上海市,021,徐汇区,310104,"121.450212,31.199436",公交地铁站点,9号线,肇嘉浜路,Zhaojiabang Road,Line 9
上海市嘉善路(地铁站),上海市徐汇区嘉善路(地铁站),中国,上海市,上海市,021,徐汇区,310104,"121.460704,31.202820",公交地铁站点,9号线,嘉善路,Jiashan Road,Line 9
上海市打浦桥(地铁站),上海市黄浦区打浦桥(地铁站),中国,上海市,上海市,021,黄浦区,310101,"121.468681,31.206309",公交地铁站点,9号线,打浦桥,Dapuqiao,Line 9
上海市马当路(地铁站),上海市黄浦区马当路(地铁站),中国,上海市,上海市,021,黄浦区,310101,"121.477256,31.209520",公交地铁站点,9号线,马当路,Madang Road,Line 9
上海市陆家浜路(地铁站),上海市黄浦区陆家浜路(地铁站),中国,上海市,上海市,021,黄浦区,310101,"121.486115,31.211789",公交地铁站点,9号线,陆家浜路,Lujiabang Road,Line 9
上海市小南门(地铁站),上海市黄浦区小南门(地铁站),中国,上海市,上海市,021,黄浦区,310101,"121.498398,31.216866",公交地铁站点,9号线,小南门,Xiaonanmen,Line 9
上海市商城路(地铁站),上海市浦东新区商城路(地铁站),中国,上海市,上海市,021,浦东新区,310115,"121.516275,31.230258",公交地铁站点,9号线,商城路,Shangcheng Road,Line 9
上海市世纪大道(地铁站),上海市浦东新区世纪大道(地铁站),中国,上海市,上海市,021,浦东新区,310115,"121.527213,31.228682",公交地铁站点,9号线,世纪大道,Century Avenue,Line 9
上海市杨高中路(地铁站),上海市浦东新区杨高中路(地铁站),中国,上海市,上海市,021,浦东新区,310115,"121.548664,31.227510",公交地铁站点,9号线,杨高中路,Middle Yanggao Road,Line 9
上海市芳甸路(地铁站),上海市浦东新区芳甸路(地铁站),中国,上海市,上海市,021,浦东新区,310115,"121.558431,31.231845",公交地铁站点,9号线,芳甸路,Fangdian Road,Line 9
上海市蓝天路(地铁站),上海市浦东新区蓝天路(地铁站),中国,上海市,上海市,021,浦东新区,310115,"121.577995,31.241028",公交地铁站点,9号线,蓝天路,Lantian Road,Line 9
上海市台儿庄路(地铁站),上海市浦东新区台儿庄路(地铁站),中国,上海市,上海市,021,浦东新区,310115,"121.597458,31.252825",公交地铁站点,9号线,台儿庄路,Taierzhuang Road,Line 9
上海市金桥(地铁站),上海市浦东新区金桥(地铁站),中国,上海市,上海市,021,浦东新区,310115,"121.611336,31.260850",公交地铁站点,9号线,金桥,Jinqiao,Line 9
上海市金吉路(地铁站),上海市浦东新区金吉路(地铁站),中国,上海市,上海市,021,浦东新区,310115,"121.628741,31.264304",公交地铁站点,9号线,金吉路,Jinji Road,Line 9
上海市金海路(地铁站),上海市浦东新区金海路(地铁站),中国,上海市,上海市,021,浦东新区,310115,"121.638629,31.263141",公交地铁站点,9号线,金海路,Jinhai Road,Line 9
上海市顾唐路(地铁站),上海市浦东新区顾唐路(地铁站),中国,上海市,上海市,021,浦东新区,310115,"121.656465,31.266074",公交地铁站点,9号线,顾唐路,Gutang Road,Line 9
上海市民雷路(地铁站),上海市浦东新区民雷路(地铁站),中国,上海市,上海市,021,浦东新区,310115,"121.668125,31.268335",公交地铁站点,9号线,民雷路,Minlei Road,Line 9
上海市曹路(地铁站),上海市浦东新区曹路(地铁站),中国,上海市,上海市,021,浦东新区,310115,"121.683153,31.271297",公交地铁站点,9号线,曹路,Caolu,Line 9
上海市曹路火车站(地铁站),上海市静安区上海火车站(地铁站),中国,上海市,上海市,021,静安区,310106,"121.457939,31.249632",公交地铁站点,9号线,曹路火车站,,Line 9
上海市虹桥火车站(地铁站),上海市闵行区虹桥火车站(地铁站),中国,上海市,上海市,021,闵行区,310112,"121.318910,31.193987",公交地铁站点,10号线,虹桥火车站,Hongqiao Railway Station,Line 10
上海市虹桥2号航站楼(地铁站),上海市闵行区虹桥2号航站楼(地铁站),中国,上海市,上海市,021,闵行区,310112,"121.326300,31.194211",公交地铁站点,10号线,虹桥2号航站楼,Hongqiao Airport Terminal 2,Line 10
上海市虹桥1号航站楼(地铁站),上海市长宁区虹桥1号航站楼(地铁站),中国,上海市,上海市,021,长宁区,310105,"121.347371,31.191363",公交地铁站点,10号线,虹桥1号航站楼,Hongqiao Airport Terminal 1,Line 10
上海市上海动物园(地铁站),上海市长宁区上海动物园(地铁站),中国,上海市,上海市,021,长宁区,310105,"121.368137,31.190246",公交地铁站点,10号线,上海动物园,Shanghai Zoo,Line 10
上海市龙溪路(地铁站),上海市长宁区龙溪路(地铁站),中国,上海市,上海市,021,长宁区,310105,"121.380034,31.194400",公交地铁站点,10号线,龙溪路,Longxi Road,Line 10
上海市水城路(地铁站),上海市长宁区水城路(地铁站),中国,上海市,上海市,021,长宁区,310105,"121.392259,31.199482",公交地铁站点,10号线,水城路,Shuicheng Road,Line 10
上海市伊犁路(地铁站),上海市长宁区伊犁路(地铁站),中国,上海市,上海市,021,长宁区,310105,"121.403899,31.198880",公交地铁站点,10号线,伊犁路,Yili Road,Line 10
上海市宋园路(地铁站),上海市长宁区宋园路(地铁站),中国,上海市,上海市,021,长宁区,310105,"121.412080,31.196540",公交地铁站点,10号线,宋园路,Songyuan Road,Line 10
上海市虹桥路(地铁站),上海市长宁区虹桥路(地铁站),中国,上海市,上海市,021,长宁区,310105,"121.420814,31.197524",公交地铁站点,10号线,虹桥路,Hongqiao Road,Line 10
上海市交通大学(地铁站),上海市徐汇区交通大学(地铁站),中国,上海市,上海市,021,徐汇区,310104,"121.435253,31.202213",公交地铁站点,10号线,交通大学,Jiao Tong University,Line 10
上海市上海图书馆(地铁站),上海市徐汇区上海图书馆(地铁站),中国,上海市,上海市,021,徐汇区,310104,"121.444363,31.207960",公交地铁站点,10号线,上海图书馆,Shanghai Library,Line 10
上海市陕西南路(地铁站),上海市徐汇区陕西南路(地铁站),中国,上海市,上海市,021,徐汇区,310104,"121.458744,31.215150",公交地铁站点,10号线,陕西南路,South Shaanxi Road,Line 10
上海市一大会址·新天地(地铁站),上海市黄浦区一大会址·新天地(地铁站),中国,上海市,上海市,021,黄浦区,310101,"121.475182,31.216367",公交地铁站点,10号线,一大会址·新天地,Site of the First CPC National Congress · Xintiandi,Line 10
上海市老西门(地铁站),上海市黄浦区老西门(地铁站),中国,上海市,上海市,021,黄浦区,310101,"121.483793,31.219014",公交地铁站点,10号线,老西门,Laoximen,Line 10
上海市豫园(地铁站),上海市黄浦区豫园(地铁站),中国,上海市,上海市,021,黄浦区,310101,"121.487426,31.228005",公交地铁站点,10号线,豫园,Yuyuan Garden,Line 10
上海市南京东路(地铁站),上海市黄浦区南京东路(地铁站),中国,上海市,上海市,021,黄浦区,310101,"121.484628,31.238101",公交地铁站点,10号线,南京东路,East Nanjing Road,Line 10
上海市天潼路(地铁站),上海市虹口区天潼路(地铁站),中国,上海市,上海市,021,虹口区,310109,"121.482321,31.243815",公交地铁站点,10号线,天潼路,Tiantong Road,Line 10
上海市四川北路(地铁站),上海市虹口区四川北路(地铁站),中国,上海市,上海市,021,虹口区,310109,"121.484208,31.252035",公交地铁站点,10号线,四川北路,North Sichuan Road,Line 10
上海市海伦路(地铁站),上海市虹口区海伦路(地铁站),中国,上海市,上海市,021,虹口区,310109,"121.488697,31.259303",公交地铁站点,10号线,海伦路,Hailun Road,Line 10
上海市邮电新村(地铁站),上海市虹口区邮电新村(地铁站),中国,上海市,上海市,021,虹口区,310109,"121.494247,31.268431",公交地铁站点,10号线,邮电新村,Youdian Xincun,Line 10
上海市四平路(地铁站),上海市虹口区四平路(地铁站),中国,上海市,上海市,021,虹口区,310109,"121.501488,31.274880",公交地铁站点,10号线,四平路,Siping Road,Line 10
上海市同济大学(地铁站),上海市杨浦区同济大学(地铁站),中国,上海市,上海市,021,杨浦区,310110,"121.506357,31.282086",公交地铁站点,10号线,同济大学,Tongji University,Line 10
上海市国权路(地铁站),上海市杨浦区国权路(地铁站),中国,上海市,上海市,021,杨浦区,310110,"121.510024,31.289276",公交地铁站点,10号线,国权路,Guoquan Road,Line 10
上海市五角场(地铁站),上海市杨浦区五角场(地铁站),中国,上海市,上海市,021,杨浦区,310110,"121.514632,31.298043",公交地铁站点,10号线,五角场,Wujiaochang,Line 10
上海市江湾体育场(地铁站),上海市杨浦区江湾体育场(地铁站),中国,上海市,上海市,021,杨浦区,310110,"121.513314,31.304293",公交地铁站点,10号线,江湾体育场,Jiangwan Stadium,Line 10
上海市三门路(地铁站),上海市杨浦区三门路(地铁站),中国,上海市,上海市,021,杨浦区,310110,"121.508340,31.313214",公交地铁站点,10号线,三门路,Sanmen Road,Line 10
上海市殷高东路(地铁站),上海市杨浦区殷高东路(地铁站),中国,上海市,上海市,021,杨浦区,310110,"121.506797,31.321768",公交地铁站点,10号线,殷高东路,East Yingao Road,Line 10
上海市新江湾城(地铁站),上海市杨浦区新江湾城(地铁站),中国,上海市,上海市,021,杨浦区,310110,"121.506951,31.328496",公交地铁站点,10号线,新江湾城,Xinjiangwancheng,Line 10
上海市国帆路(地铁站),上海市杨浦区国帆路(地铁站),中国,上海市,上海市,021,杨浦区,310110,"121.513168,31.339548",公交地铁站点,10号线,国帆路,Guofan Road,Line 10
上海市双江路(地铁站),上海市浦东新区双江路(地铁站),中国,上海市,上海市,021,浦东新区,310115,"121.539425,31.353601",公交地铁站点,10号线,双江路,Shuangjiang Road,Line 10
上海市高桥西(地铁站),上海市浦东新区高桥西(地铁站),中国,上海市,上海市,021,浦东新区,310115,"121.549280,31.351489",公交地铁站点,10号线,高桥西,West Gaoqiao,Line 10
上海市高桥(地铁站),上海市浦东新区高桥(地铁站),中国,上海市,上海市,021,浦东新区,310115,"121.562971,31.352622",公交地铁站点,10号线,高桥,Gaoqiao,Line 10
上海市港城路(地铁站),上海市浦东新区港城路(地铁站),中国,上海市,上海市,021,浦东新区,310115,"121.575017,31.353223",公交地铁站点,10号线,港城路,Gangcheng Road,Line 10
上海市基隆路(地铁站),上海市浦东新区基隆路(地铁站),中国,上海市,上海市,021,浦东新区,310115,"121.590411,31.351311",公交地铁站点,10号线,基隆路,Jilong Road,Line 10
上海市航中路(地铁站),上海市闵行区航中路(地铁站),中国,上海市,上海市,021,闵行区,310112,"121.355336,31.165417",公交地铁站点,10号线,航中路,Hangzhong Road,Line 10b
上海市紫藤路(地铁站),上海市闵行区紫藤路(地铁站),中国,上海市,上海市,021,闵行区,310112,"121.364831,31.169674",公交地铁站点,10号线,紫藤路,Ziteng Road,Line 10b
上海市龙柏新村(地铁站),上海市闵行区龙柏新村(地铁站),中国,上海市,上海市,021,闵行区,310112,"121.370480,31.176882",公交地铁站点,10号线,龙柏新村,Longbai Xincun,Line 10b
上海市龙溪路(地铁站),上海市长宁区龙溪路(地铁站),中国,上海市,上海市,021,长宁区,310105,"121.380034,31.194400",公交地铁站点,10号线,龙溪路,Longxi Road,Line 10b
上海市迪士尼(地铁站),上海市浦东新区迪士尼(地铁站),中国,上海市,上海市,021,浦东新区,310115,"121.667959,31.141263",公交地铁站点,11号线,迪士尼,Disney Resort,Line 11
上海市康新公路(地铁站),上海市浦东新区康新公路(地铁站),中国,上海市,上海市,021,浦东新区,310115,"121.617199,31.130441",公交地铁站点,11号线,康新公路,Kangxin Highway,Line 11
上海市秀沿路(地铁站),上海市浦东新区秀沿路(地铁站),中国,上海市,上海市,021,浦东新区,310115,"121.598390,31.138128",公交地铁站点,11号线,秀沿路,Xiuyan Road,Line 11
上海市罗山路(地铁站),上海市浦东新区罗山路(地铁站),中国,上海市,上海市,021,浦东新区,310115,"121.593152,31.153259",公交地铁站点,11号线,罗山路,Luoshan Road,Line 11
上海市御桥(地铁站),上海市浦东新区御桥(地铁站),中国,上海市,上海市,021,浦东新区,310115,"121.570914,31.158131",公交地铁站点,11号线,御桥,Yuqiao,Line 11
上海市康恒路(地铁站),上海市徐汇区龙华(地铁站),中国,上海市,上海市,021,徐汇区,310104,"121.452958,31.172672",公交地铁站点,11号线,康恒路,Kangheng Road,Line 11
上海市浦三路(地铁站),上海市浦东新区浦三路(地铁站),中国,上海市,上海市,021,浦东新区,310115,"121.539005,31.150861",公交地铁站点,11号线,浦三路,Pusan Road,Line 11
上海市三林东(地铁站),上海市浦东新区三林东(地铁站),中国,上海市,上海市,021,浦东新区,310115,"121.522999,31.146459",公交地铁站点,11号线,三林东,East Sanlin,Line 11
上海市三林(地铁站),上海市浦东新区三林(地铁站),中国,上海市,上海市,021,浦东新区,310115,"121.511796,31.143224",公交地铁站点,11号线,三林,Sanlin,Line 11
上海市东方体育中心(地铁站),上海市浦东新区东方体育中心(地铁站),中国,上海市,上海市,021,浦东新区,310115,"121.480304,31.153366",公交地铁站点,11号线,东方体育中心,Oriental Sports Center,Line 11
上海市龙耀路(地铁站),上海市徐汇区龙耀路(地铁站),中国,上海市,上海市,021,徐汇区,310104,"121.459702,31.159720",公交地铁站点,11号线,龙耀路,Longyao Road,Line 11
上海市云锦路(地铁站),上海市徐汇区云锦路(地铁站),中国,上海市,上海市,021,徐汇区,310104,"121.458519,31.166488",公交地铁站点,11号线,云锦路,Yunjin Road,Line 11
上海市龙华(地铁站),上海市徐汇区龙华(地铁站),中国,上海市,上海市,021,徐汇区,310104,"121.452958,31.172672",公交地铁站点,11号线,龙华,Longhua,Line 11
上海市上海游泳馆(地铁站),上海市徐汇区上海游泳馆龙华(地铁站),中国,上海市,上海市,021,徐汇区,310104,"121.452958,31.172672",公交地铁站点,11号线,上海游泳馆,Shanghai Swimming Center,Line 11
上海市徐家汇(地铁站),上海市徐汇区徐家汇龙华(地铁站),中国,上海市,上海市,021,徐汇区,310104,"121.452958,31.172672",公交地铁站点,11号线,徐家汇,Xujiahui,Line 11
上海市交通大学(地铁站),上海市徐汇区交通大学(地铁站),中国,上海市,上海市,021,徐汇区,310104,"121.435253,31.202213",公交地铁站点,11号线,交通大学,Jiao Tong University,Line 11
上海市江苏路(地铁站),上海市长宁区江苏路(地铁站),中国,上海市,上海市,021,长宁区,310105,"121.430635,31.220408",公交地铁站点,11号线,江苏路,Jiangsu Road,Line 11
上海市隆德路(地铁站),上海市普陀区隆德路(地铁站),中国,上海市,上海市,021,普陀区,310107,"121.423576,31.230509",公交地铁站点,11号线,隆德路,Longde Road,Line 11
上海市曹杨路(地铁站),上海市普陀区曹杨路(地铁站),中国,上海市,上海市,021,普陀区,310107,"121.417701,31.239302",公交地铁站点,11号线,曹杨路,Caoyang Road,Line 11
上海市枫桥路(地铁站),上海市普陀区枫桥路(地铁站),中国,上海市,上海市,021,普陀区,310107,"121.411402,31.241850",公交地铁站点,11号线,枫桥路,Fengqiao Road,Line 11
上海市真如(地铁站),上海市普陀区真如(地铁站),中国,上海市,上海市,021,普陀区,310107,"121.407219,31.250767",公交地铁站点,11号线,真如,Zhenru,Line 11
上海市上海西站(地铁站),上海市普陀区上海西站(地铁站),中国,上海市,上海市,021,普陀区,310107,"121.400926,31.262693",公交地铁站点,11号线,上海西站,Shanghai West Railway Station,Line 11
上海市李子园(地铁站),上海市普陀区李子园(地铁站),中国,上海市,上海市,021,普陀区,310107,"121.389969,31.269020",公交地铁站点,11号线,李子园,Liziyuan,Line 11
上海市祁连山路(地铁站),上海市普陀区祁连山路(地铁站),中国,上海市,上海市,021,普陀区,310107,"121.376035,31.271650",公交地铁站点,11号线,祁连山路,Qilianshan Road,Line 11
上海市武威路(地铁站),上海市普陀区武威路(地铁站),中国,上海市,上海市,021,普陀区,310107,"121.364678,31.276646",公交地铁站点,11号线,武威路,Wuwei Road,Line 11
上海市桃浦新村(地铁站),上海市普陀区桃浦新村(地铁站),中国,上海市,上海市,021,普陀区,310107,"121.349623,31.281603",公交地铁站点,11号线,桃浦新村,Taopu Xincun,Line 11
上海市南翔(地铁站),上海市嘉定区南翔(地铁站),中国,上海市,上海市,021,嘉定区,310114,"121.323141,31.296952",公交地铁站点,11号线,南翔,Nanxiang,Line 11
上海市陈翔公路(地铁站),上海市嘉定区陈翔公路(地铁站),中国,上海市,上海市,021,嘉定区,310114,"121.306787,31.306484",公交地铁站点,11号线,陈翔公路,Chenxiang Highway,Line 11
上海市马陆(地铁站),上海市嘉定区马陆(地铁站),中国,上海市,上海市,021,嘉定区,310114,"121.276906,31.319675",公交地铁站点,11号线,马陆,Malu,Line 11
上海市嘉定新城(地铁站),上海市嘉定区嘉定新城(地铁站),中国,上海市,上海市,021,嘉定区,310114,"121.254294,31.330062",公交地铁站点,11号线,嘉定新城,Jiading Xincheng,Line 11
上海市白银路(地铁站),上海市嘉定区白银路(地铁站),中国,上海市,上海市,021,嘉定区,310114,"121.245350,31.345359",公交地铁站点,11号线,白银路,Baiyin Road,Line 11
上海市嘉定西(地铁站),上海市嘉定区嘉定西(地铁站),中国,上海市,上海市,021,嘉定区,310114,"121.227855,31.377107",公交地铁站点,11号线,嘉定西,West Jiading,Line 11
上海市嘉定北(地铁站),上海市嘉定区嘉定北(地铁站),中国,上海市,上海市,021,嘉定区,310114,"121.237350,31.391549",公交地铁站点,11号线,嘉定北,North Jiading,Line 11
上海市嘉定新城(地铁站),上海市嘉定区嘉定新城(地铁站),中国,上海市,上海市,021,嘉定区,310114,"121.254294,31.330062",公交地铁站点,11号线,嘉定新城,Jiading Xincheng,Line 11b
上海市上海赛车场(地铁站),上海市嘉定区上海赛车场(地铁站),中国,上海市,上海市,021,嘉定区,310114,"121.226098,31.331898",公交地铁站点,11号线,上海赛车场,Shanghai Circuit,Line 11b
上海市昌吉东路(地铁站),上海市嘉定区昌吉东路(地铁站),中国,上海市,上海市,021,嘉定区,310114,"121.200384,31.293620",公交地铁站点,11号线,昌吉东路,East Changji Road,Line 11b
上海市上海汽车城(地铁站),上海市嘉定区上海汽车城(地铁站),中国,上海市,上海市,021,嘉定区,310114,"121.180742,31.285403",公交地铁站点,11号线,上海汽车城,Shanghai Automobile City,Line 11b
上海市安亭(地铁站),上海市嘉定区安亭(地铁站),中国,上海市,上海市,021,嘉定区,310114,"121.161985,31.288490",公交地铁站点,11号线,安亭,Anting,Line 11b
上海市兆丰路(地铁站),上海市徐汇区龙华(地铁站),中国,上海市,上海市,021,徐汇区,310104,"121.452958,31.172672",公交地铁站点,11号线,兆丰路,Zhaofeng Road,Line 11b
上海市光明路(地铁站),上海市徐汇区龙华(地铁站),中国,上海市,上海市,021,徐汇区,310104,"121.452958,31.172672",公交地铁站点,11号线,光明路,Guangming Road,Line 11b
上海市花桥(地铁站),上海市徐汇区龙华(地铁站),中国,上海市,上海市,021,徐汇区,310104,"121.452958,31.172672",公交地铁站点,11号线,花桥,Huaqiao,Line 11b
上海市洞泾(地铁站),上海市松江区洞泾(地铁站),中国,上海市,上海市,021,松江区,310117,"121.230473,31.084492",公交地铁站点,12号线,洞泾,Dongjing,Line 12
上海市刘五公路(地铁站),上海市松江区刘五公路(地铁站),中国,上海市,上海市,021,松江区,310117,"121.248864,31.090267",公交地铁站点,12号线,刘五公路,Liuwu Highway,Line 12
上海市沪松公路(地铁站),上海市松江区沪松公路(地铁站),中国,上海市,上海市,021,松江区,310117,"121.268997,31.092698",公交地铁站点,12号线,沪松公路,Husong Highway,Line 12
上海市科技园(地铁站),上海市松江区科技园(地铁站),中国,上海市,上海市,021,松江区,310117,"121.324492,31.092256",公交地铁站点,12号线,科技园,Hi-Tech Park,Line 12
上海市场西路(地铁站),上海市徐汇区龙华(地铁站),中国,上海市,上海市,021,徐汇区,310104,"121.452958,31.172672",公交地铁站点,12号线,场西路,Changxi Road,Line 12
上海市场东路(地铁站),上海市徐汇区龙华(地铁站),中国,上海市,上海市,021,徐汇区,310104,"121.452958,31.172672",公交地铁站点,12号线,场东路,Changdong Road,Line 12
上海市七莘路(地铁站),上海市闵行区七莘路(地铁站),中国,上海市,上海市,021,闵行区,310112,"121.362461,31.131634",公交地铁站点,12号线,七莘路,Qixin Road,Line 12
上海市虹莘路(地铁站),上海市闵行区虹莘路(地铁站),中国,上海市,上海市,021,闵行区,310112,"121.380349,31.137452",公交地铁站点,12号线,虹莘路,Hongxin Road,Line 12
上海市顾戴路(地铁站),上海市闵行区顾戴路(地铁站),中国,上海市,上海市,021,闵行区,310112,"121.391850,31.140888",公交地铁站点,12号线,顾戴路,Gudai Road,Line 12
上海市东兰路(地铁站),上海市闵行区东兰路(地铁站),中国,上海市,上海市,021,闵行区,310112,"121.391919,31.155826",公交地铁站点,12号线,东兰路,Donglan Road,Line 12
上海市虹梅路(地铁站),上海市徐汇区虹梅路街道龙华(地铁站),中国,上海市,上海市,021,徐汇区,310104,"121.452958,31.172672",公交地铁站点,12号线,虹梅路,Hongmei Road,Line 12
上海市虹漕路(地铁站),上海市徐汇区虹漕路(地铁站),中国,上海市,上海市,021,徐汇区,310104,"121.410553,31.164033",公交地铁站点,12号线,虹漕路,Hongcao Road,Line 12
上海市桂林公园(地铁站),上海市徐汇区桂林公园(地铁站),中国,上海市,上海市,021,徐汇区,310104,"121.419647,31.166985",公交地铁站点,12号线,桂林公园,Guilin Park,Line 12
上海市漕宝路(地铁站),上海市徐汇区漕宝路(地铁站)龙华(地铁站),中国,上海市,上海市,021,徐汇区,310104,"121.452958,31.172672",公交地铁站点,12号线,漕宝路,Caobao Road,Line 12
上海市龙漕路(地铁站),上海市徐汇区龙漕路(地铁站),中国,上海市,上海市,021,徐汇区,310104,"121.444383,31.169458",公交地铁站点,12号线,龙漕路,Longcao Road,Line 12
上海市龙华(地铁站),上海市徐汇区龙华(地铁站),中国,上海市,上海市,021,徐汇区,310104,"121.452958,31.172672",公交地铁站点,12号线,龙华,Longhua,Line 12
上海市龙华中路(地铁站),上海市徐汇区龙华中路龙华(地铁站),中国,上海市,上海市,021,徐汇区,310104,"121.452958,31.172672",公交地铁站点,12号线,龙华中路,Middle Longhua Road,Line 12
上海市大木桥路(地铁站),上海市徐汇区大木桥路(地铁站),中国,上海市,上海市,021,徐汇区,310104,"121.463278,31.194057",公交地铁站点,12号线,大木桥路,Damuqiao Road,Line 12
上海市嘉善路(地铁站),上海市徐汇区嘉善路(地铁站),中国,上海市,上海市,021,徐汇区,310104,"121.460704,31.202820",公交地铁站点,12号线,嘉善路,Jiashan Road,Line 12
上海市陕西南路(地铁站),上海市徐汇区陕西南路(地铁站),中国,上海市,上海市,021,徐汇区,310104,"121.458744,31.215150",公交地铁站点,12号线,陕西南路,South Shaanxi Road,Line 12
上海市南京西路(地铁站),上海市静安区南京西路(地铁站),中国,上海市,上海市,021,静安区,310106,"121.459971,31.229853",公交地铁站点,12号线,南京西路,West Nanjing Road,Line 12
上海市汉中路(地铁站),上海市静安区汉中路(地铁站),中国,上海市,上海市,021,静安区,310106,"121.458699,31.241883",公交地铁站点,12号线,汉中路,Hanzhong Road,Line 12
上海市曲阜路(地铁站),上海市静安区曲阜路(地铁站),中国,上海市,上海市,021,静安区,310106,"121.471543,31.242307",公交地铁站点,12号线,曲阜路,Qufu Road,Line 12
上海市天潼路(地铁站),上海市虹口区天潼路(地铁站),中国,上海市,上海市,021,虹口区,310109,"121.482321,31.243815",公交地铁站点,12号线,天潼路,Tiantong Road,Line 12
上海市国际客运中心(地铁站),上海市虹口区国际客运中心(地铁站),中国,上海市,上海市,021,虹口区,310109,"121.498158,31.250160",公交地铁站点,12号线,国际客运中心,International Cruise Terminal,Line 12
上海市提篮桥(地铁站),上海市虹口区提篮桥(地铁站),中国,上海市,上海市,021,虹口区,310109,"121.506801,31.253518",公交地铁站点,12号线,提篮桥,Tilanqiao,Line 12
上海市大连路(地铁站),上海市虹口区大连路(地铁站),中国,上海市,上海市,021,虹口区,310109,"121.513088,31.257938",公交地铁站点,12号线,大连路,Dalian Road,Line 12
上海市江浦公园(地铁站),上海市杨浦区江浦公园(地铁站),中国,上海市,上海市,021,杨浦区,310110,"121.523697,31.264570",公交地铁站点,12号线,江浦公园,Jiangpu Park,Line 12
上海市宁国路(地铁站),上海市杨浦区宁国路(地铁站),中国,上海市,上海市,021,杨浦区,310110,"121.532352,31.268574",公交地铁站点,12号线,宁国路,Ningguo Road,Line 12
上海市隆昌路(地铁站),上海市杨浦区隆昌路(地铁站),中国,上海市,上海市,021,杨浦区,310110,"121.544692,31.275213",公交地铁站点,12号线,隆昌路,Longchang Road,Line 12
上海市爱国路(地铁站),上海市杨浦区爱国路(地铁站),中国,上海市,上海市,021,杨浦区,310110,"121.552655,31.279788",公交地铁站点,12号线,爱国路,Aiguo Road,Line 12
上海市复兴岛(地铁站),上海市杨浦区复兴岛(地铁站),中国,上海市,上海市,021,杨浦区,310110,"121.561315,31.280779",公交地铁站点,12号线,复兴岛,Fuxing Island,Line 12
上海市东陆路(地铁站),上海市浦东新区东陆路(地铁站),中国,上海市,上海市,021,浦东新区,310115,"121.579124,31.282533",公交地铁站点,12号线,东陆路,Donglu Road,Line 12
上海市巨峰路(地铁站),上海市浦东新区巨峰路(地铁站),中国,上海市,上海市,021,浦东新区,310115,"121.588365,31.280684",公交地铁站点,12号线,巨峰路,Jufeng Road,Line 12
上海市杨高北路(地铁站),上海市浦东新区杨高北路(地铁站),中国,上海市,上海市,021,浦东新区,310115,"121.602960,31.280092",公交地铁站点,12号线,杨高北路,North Yanggao Road,Line 12
上海市金京路(地铁站),上海市浦东新区金京路(地铁站),中国,上海市,上海市,021,浦东新区,310115,"121.615477,31.279823",公交地铁站点,12号线,金京路,Jinjing Road,Line 12
上海市申江路(地铁站),上海市浦东新区申江路(地铁站),中国,上海市,上海市,021,浦东新区,310115,"121.626863,31.280231",公交地铁站点,12号线,申江路,Shenjiang Road,Line 12
上海市金海路(地铁站),上海市浦东新区金海路(地铁站),中国,上海市,上海市,021,浦东新区,310115,"121.638629,31.263141",公交地铁站点,12号线,金海路,Jinhai Road,Line 12
上海市诸光路(地铁站),上海市青浦区诸光路(地铁站),中国,上海市,上海市,021,青浦区,310118,"121.293040,31.191678",公交地铁站点,13号线,诸光路,Zhuguang Road,Line 13
上海市运乐路(地铁站),上海市闵行区运乐路(地铁站),中国,上海市,上海市,021,闵行区,310112,"121.283138,31.204527",公交地铁站点,13号线,运乐路,Yunle Road,Line 13
上海市季乐路(地铁站),上海市闵行区季乐路(地铁站),中国,上海市,上海市,021,闵行区,310112,"121.277968,31.211110",公交地铁站点,13号线,季乐路,Jile Road,Line 13
上海市芳乐路(地铁站),上海市闵行区芳乐路(地铁站),中国,上海市,上海市,021,闵行区,310112,"121.273391,31.220100",公交地铁站点,13号线,芳乐路,Fangle Road,Line 13
上海市纪翟路(地铁站),上海市闵行区纪翟路(地铁站),中国,上海市,上海市,021,闵行区,310112,"121.278196,31.229840",公交地铁站点,13号线,纪翟路,Jidi Road,Line 13
上海市金运路(地铁站),上海市嘉定区金运路(地铁站),中国,上海市,上海市,021,嘉定区,310114,"121.319308,31.240986",公交地铁站点,13号线,金运路,Jinyun Road,Line 13
上海市金沙江西路(地铁站),上海市嘉定区金沙江西路(地铁站),中国,上海市,上海市,021,嘉定区,310114,"121.335156,31.241152",公交地铁站点,13号线,金沙江西路,West Jinshajiang Road,Line 13
上海市丰庄(地铁站),上海市嘉定区丰庄(地铁站),中国,上海市,上海市,021,嘉定区,310114,"121.355141,31.242553",公交地铁站点,13号线,丰庄,Fengzhuang,Line 13
上海市祁连山南路(地铁站),上海市普陀区祁连山南路(地铁站),中国,上海市,上海市,021,普陀区,310107,"121.367275,31.237625",公交地铁站点,13号线,祁连山南路,South Qilianshan Road,Line 13
上海市真北路(地铁站),上海市普陀区真北路(地铁站),中国,上海市,上海市,021,普陀区,310107,"121.381948,31.232235",公交地铁站点,13号线,真北路,Zhenbei Road,Line 13
上海市大渡河路(地铁站),上海市普陀区大渡河路(地铁站),中国,上海市,上海市,021,普陀区,310107,"121.394431,31.231752",公交地铁站点,13号线,大渡河路,Daduhe Road,Line 13
上海市金沙江路(地铁站),上海市普陀区金沙江路(地铁站),中国,上海市,上海市,021,普陀区,310107,"121.413201,31.232147",公交地铁站点,13号线,金沙江路,Jinshajiang Road,Line 13
上海市隆德路(地铁站),上海市普陀区隆德路(地铁站),中国,上海市,上海市,021,普陀区,310107,"121.423576,31.230509",公交地铁站点,13号线,隆德路,Longde Road,Line 13
上海市武宁路(地铁站),上海市普陀区武宁路(地铁站),中国,上海市,上海市,021,普陀区,310107,"121.430504,31.234346",公交地铁站点,13号线,武宁路,Wuning Road,Line 13
上海市长寿路(地铁站),上海市普陀区长寿路(地铁站),中国,上海市,上海市,021,普陀区,310107,"121.438272,31.240860",公交地铁站点,13号线,长寿路,Changshou Road,Line 13
上海市江宁路(地铁站),上海市普陀区江宁路(地铁站),中国,上海市,上海市,021,普陀区,310107,"121.444830,31.244282",公交地铁站点,13号线,江宁路,Jiangning Road,Line 13
上海市汉中路(地铁站),上海市静安区汉中路(地铁站),中国,上海市,上海市,021,静安区,310106,"121.458699,31.241883",公交地铁站点,13号线,汉中路,Hanzhong Road,Line 13
上海市自然博物馆(地铁站),上海市静安区自然博物馆(地铁站),中国,上海市,上海市,021,静安区,310106,"121.462366,31.236451",公交地铁站点,13号线,自然博物馆,Shanghai Natural History Museum,Line 13
上海市南京西路(地铁站),上海市静安区南京西路(地铁站),中国,上海市,上海市,021,静安区,310106,"121.459971,31.229853",公交地铁站点,13号线,南京西路,West Nanjing Road,Line 13
上海市淮海中路(地铁站),上海市黄浦区淮海中路(地铁站),中国,上海市,上海市,021,黄浦区,310101,"121.464363,31.220056",公交地铁站点,13号线,淮海中路,Middle Huaihai Road,Line 13
上海市一大会址·新天地(地铁站),上海市黄浦区一大会址·新天地(地铁站),中国,上海市,上海市,021,黄浦区,310101,"121.475182,31.216367",公交地铁站点,13号线,一大会址·新天地,Site of the First CPC National Congress · Xintiandi,Line 13
上海市马当路(地铁站),上海市黄浦区马当路(地铁站),中国,上海市,上海市,021,黄浦区,310101,"121.477256,31.209520",公交地铁站点,13号线,马当路,Madang Road,Line 13
上海市世博会博物馆(地铁站),上海市黄浦区世博会博物馆(地铁站),中国,上海市,上海市,021,黄浦区,310101,"121.481592,31.197572",公交地铁站点,13号线,世博会博物馆,World Expo Museum,Line 13
上海市世博大道(地铁站),上海市浦东新区世博大道(地铁站),中国,上海市,上海市,021,浦东新区,310115,"121.484313,31.182789",公交地铁站点,13号线,世博大道,Shibo Avenue,Line 13
上海市长清路(地铁站),上海市浦东新区长清路(地铁站),中国,上海市,上海市,021,浦东新区,310115,"121.488524,31.174008",公交地铁站点,13号线,长清路,Changqing Road,Line 13
上海市成山路(地铁站),上海市浦东新区成山路(地铁站),中国,上海市,上海市,021,浦东新区,310115,"121.496326,31.170511",公交地铁站点,13号线,成山路,Chengshan Road,Line 13
上海市东明路(地铁站),上海市浦东新区东明路(地铁站),中国,上海市,上海市,021,浦东新区,310115,"121.510868,31.172646",公交地铁站点,13号线,东明路,Dongming Road,Line 13
上海市华鹏路(地铁站),上海市浦东新区华鹏路(地铁站),中国,上海市,上海市,021,浦东新区,310115,"121.526567,31.176276",公交地铁站点,13号线,华鹏路,Huapeng Road,Line 13
上海市下南路(地铁站),上海市浦东新区下南路(地铁站),中国,上海市,上海市,021,浦东新区,310115,"121.540189,31.179295",公交地铁站点,13号线,下南路,Xianan Road,Line 13
上海市北蔡(地铁站),上海市浦东新区北蔡(地铁站),中国,上海市,上海市,021,浦东新区,310115,"121.552017,31.180131",公交地铁站点,13号线,北蔡,Beicai,Line 13
上海市陈春路(地铁站),上海市浦东新区陈春路(地铁站),中国,上海市,上海市,021,浦东新区,310115,"121.558194,31.175095",公交地铁站点,13号线,陈春路,Chenchun Road,Line 13
上海市莲溪路(地铁站),上海市浦东新区莲溪路(地铁站),中国,上海市,上海市,021,浦东新区,310115,"121.566414,31.169110",公交地铁站点,13号线,莲溪路,Lianxi Road,Line 13
上海市华夏中路(地铁站),上海市浦东新区华夏中路(地铁站),中国,上海市,上海市,021,浦东新区,310115,"121.583109,31.175759",公交地铁站点,13号线,华夏中路,Middle Huaxia Road,Line 13
上海市中科路(地铁站),上海市浦东新区中科路(地铁站),中国,上海市,上海市,021,浦东新区,310115,"121.602465,31.178862",公交地铁站点,13号线,中科路,Zhongke Road,Line 13
上海市学林路(地铁站),上海市浦东新区学林路(地铁站),中国,上海市,上海市,021,浦东新区,310115,"121.614363,31.183476",公交地铁站点,13号线,学林路,Xuelin Road,Line 13
上海市张江路(地铁站),上海市浦东新区张江路(地铁站),中国,上海市,上海市,021,浦东新区,310115,"121.629182,31.189130",公交地铁站点,13号线,张江路,Zhangjiang Road,Line 13
上海市高科中路(地铁站),上海市浦东新区高科中路(地铁站),中国,上海市,上海市,021,浦东新区,310115,"121.634318,31.203909",公交地铁站点,13号线,高科中路,Middle Gaoke Road,Line 13
上海市丹桂路(地铁站),上海市浦东新区丹桂路(地铁站),中国,上海市,上海市,021,浦东新区,310115,"121.632282,31.222713",公交地铁站点,13号线,丹桂路,Dangui Road,Line 13
上海市封浜(地铁站),上海市嘉定区封浜(地铁站),中国,上海市,上海市,021,嘉定区,310114,"121.297006,31.267488",公交地铁站点,14号线,封浜,Fengbang,Line 14
上海市乐秀路(地铁站),上海市嘉定区乐秀路(地铁站),中国,上海市,上海市,021,嘉定区,310114,"121.314103,31.265363",公交地铁站点,14号线,乐秀路,Lexiu Road,Line 14
上海市临洮路(地铁站),上海市嘉定区临洮路(地铁站),中国,上海市,上海市,021,嘉定区,310114,"121.330860,31.263059",公交地铁站点,14号线,临洮路,Lintao Road,Line 14
上海市嘉怡路(地铁站),上海市嘉定区嘉怡路(地铁站),中国,上海市,上海市,021,嘉定区,310114,"121.345697,31.259195",公交地铁站点,14号线,嘉怡路,Jiayi Road,Line 14
上海市定边路(地铁站),上海市嘉定区定边路(地铁站),中国,上海市,上海市,021,嘉定区,310114,"121.362396,31.256392",公交地铁站点,14号线,定边路,Dingbian Road,Line 14
上海市真新新村(地铁站),上海市嘉定区真新新村(地铁站),中国,上海市,上海市,021,嘉定区,310114,"121.371949,31.255566",公交地铁站点,14号线,真新新村,Zhenxin Xincun,Line 14
上海市真光路(地铁站),上海市普陀区真光路(地铁站),中国,上海市,上海市,021,普陀区,310107,"121.384162,31.253278",公交地铁站点,14号线,真光路,Zhenguang Road,Line 14
上海市铜川路(地铁站),上海市普陀区铜川路(地铁站),中国,上海市,上海市,021,普陀区,310107,"121.397036,31.250733",公交地铁站点,14号线,铜川路,Tongchuan Road,Line 14
上海市真如(地铁站),上海市普陀区真如(地铁站),中国,上海市,上海市,021,普陀区,310107,"121.407219,31.250767",公交地铁站点,14号线,真如,Zhenru,Line 14
上海市中宁路(地铁站),上海市普陀区中宁路(地铁站),中国,上海市,上海市,021,普陀区,310107,"121.414541,31.245059",公交地铁站点,14号线,中宁路,Zhongning Road,Line 14
上海市曹杨路(地铁站),上海市普陀区曹杨路(地铁站),中国,上海市,上海市,021,普陀区,310107,"121.417701,31.239302",公交地铁站点,14号线,曹杨路,Caoyang Road,Line 14
上海市武宁路(地铁站),上海市普陀区武宁路(地铁站),中国,上海市,上海市,021,普陀区,310107,"121.430504,31.234346",公交地铁站点,14号线,武宁路,Wuning Road,Line 14
上海市武定路(地铁站),上海市静安区武定路(地铁站),中国,上海市,上海市,021,静安区,310106,"121.436157,31.227303",公交地铁站点,14号线,武定路,Wuding Road,Line 14
上海市静安寺(地铁站),上海市静安区静安寺(地铁站),中国,上海市,上海市,021,静安区,310106,"121.446533,31.223231",公交地铁站点,14号线,静安寺,Jing'an Temple,Line 14
上海市一大会址·黄陂南路(地铁站),上海市黄浦区一大会址·黄陂南路(地铁站),中国,上海市,上海市,021,黄浦区,310101,"121.472339,31.223653",公交地铁站点,14号线,一大会址·黄陂南路,Site of the First CPC National Congress · South Huangpi Road,Line 14
上海市大世界(地铁站),上海市黄浦区大世界(地铁站),中国,上海市,上海市,021,黄浦区,310101,"121.479182,31.227392",公交地铁站点,14号线,大世界,Dashijie,Line 14
上海市豫园(地铁站),上海市黄浦区豫园(地铁站),中国,上海市,上海市,021,黄浦区,310101,"121.487426,31.228005",公交地铁站点,14号线,豫园,Yuyuan Garden,Line 14
上海市陆家嘴(地铁站),上海市浦东新区陆家嘴(地铁站),中国,上海市,上海市,021,浦东新区,310115,"121.502129,31.238259",公交地铁站点,14号线,陆家嘴,Lujiazui,Line 14
上海市浦东南路(地铁站),上海市浦东新区浦东南路(地铁站),中国,上海市,上海市,021,浦东新区,310115,"121.512412,31.238532",公交地铁站点,14号线,浦东南路,South Pudong Road,Line 14
上海市浦东大道(地铁站),上海市浦东新区浦东大道(地铁站),中国,上海市,上海市,021,浦东新区,310115,"121.519302,31.240308",公交地铁站点,14号线,浦东大道,Pudong Avenue,Line 14
上海市源深路(地铁站),上海市浦东新区源深路(地铁站),中国,上海市,上海市,021,浦东新区,310115,"121.531016,31.241318",公交地铁站点,14号线,源深路,Yuanshen Road,Line 14
上海市昌邑路(地铁站),上海市浦东新区昌邑路(地铁站),中国,上海市,上海市,021,浦东新区,310115,"121.540104,31.243940",公交地铁站点,14号线,昌邑路,Changyi Road,Line 14
上海市歇浦路(地铁站),上海市浦东新区歇浦路(地铁站),中国,上海市,上海市,021,浦东新区,310115,"121.551506,31.250728",公交地铁站点,14号线,歇浦路,Xiepu Road,Line 14
上海市龙居路(地铁站),上海市浦东新区龙居路(地铁站),中国,上海市,上海市,021,浦东新区,310115,"121.558253,31.256772",公交地铁站点,14号线,龙居路,Longju Road,Line 14
上海市云山路(地铁站),上海市浦东新区云山路(地铁站),中国,上海市,上海市,021,浦东新区,310115,"121.571153,31.250969",公交地铁站点,14号线,云山路,Yunshan Road,Line 14
上海市蓝天路(地铁站),上海市浦东新区蓝天路(地铁站),中国,上海市,上海市,021,浦东新区,310115,"121.577995,31.241028",公交地铁站点,14号线,蓝天路,Lantian Road,Line 14
上海市黄杨路(地铁站),上海市浦东新区黄杨路(地铁站),中国,上海市,上海市,021,浦东新区,310115,"121.591014,31.233998",公交地铁站点,14号线,黄杨路,Huangyang Road,Line 14
上海市云顺路(地铁站),上海市浦东新区云顺路(地铁站),中国,上海市,上海市,021,浦东新区,310115,"121.600336,31.237064",公交地铁站点,14号线,云顺路,Yunshun Road,Line 14
上海市浦东足球场(地铁站),上海市浦东新区浦东足球场(地铁站),中国,上海市,上海市,021,浦东新区,310115,"121.615430,31.241645",公交地铁站点,14号线,浦东足球场,Pudong Football Stadium,Line 14
上海市金粤路(地铁站),上海市浦东新区金粤路(地铁站),中国,上海市,上海市,021,浦东新区,310115,"121.629016,31.242092",公交地铁站点,14号线,金粤路,Jinyue Road,Line 14
上海市桂桥路(地铁站),上海市浦东新区桂桥路(地铁站),中国,上海市,上海市,021,浦东新区,310115,"121.635087,31.249419",公交地铁站点,14号线,桂桥路,Guiqiao Road,Line 14
上海市顾村公园(地铁站),上海市宝山区顾村公园(地铁站),中国,上海市,上海市,021,宝山区,310113,"121.373009,31.344594",公交地铁站点,15号线,顾村公园,Gucun Park,Line 15
上海市锦秋路(地铁站),上海市宝山区锦秋路(地铁站),中国,上海市,上海市,021,宝山区,310113,"121.381765,31.320184",公交地铁站点,15号线,锦秋路,Jinqiu Road,Line 15
上海市丰翔路(地铁站),上海市宝山区丰翔路(地铁站),中国,上海市,上海市,021,宝山区,310113,"121.380872,31.308218",公交地铁站点,15号线,丰翔路,Fengxiang Road,Line 15
上海市南大路(地铁站),上海市宝山区南大路(地铁站),中国,上海市,上海市,021,宝山区,310113,"121.380346,31.299263",公交地铁站点,15号线,南大路,Nanda Road,Line 15
上海市祁安路(地铁站),上海市普陀区祁安路(地铁站),中国,上海市,上海市,021,普陀区,310107,"121.384813,31.291558",公交地铁站点,15号线,祁安路,Qi'an Road,Line 15
上海市古浪路(地铁站),上海市普陀区古浪路(地铁站),中国,上海市,上海市,021,普陀区,310107,"121.392217,31.284509",公交地铁站点,15号线,古浪路,Gulang Road,Line 15
上海市武威东路(地铁站),上海市普陀区武威东路(地铁站),中国,上海市,上海市,021,普陀区,310107,"121.392094,31.275647",公交地铁站点,15号线,武威东路,East Wuwei Road,Line 15
上海市上海西站(地铁站),上海市普陀区上海西站(地铁站),中国,上海市,上海市,021,普陀区,310107,"121.400926,31.262693",公交地铁站点,15号线,上海西站,Shanghai West Railway Station,Line 15
上海市铜川路(地铁站),上海市普陀区铜川路(地铁站),中国,上海市,上海市,021,普陀区,310107,"121.397036,31.250733",公交地铁站点,15号线,铜川路,Tongchuan Road,Line 15
上海市梅岭北路(地铁站),上海市普陀区梅岭北路(地铁站),中国,上海市,上海市,021,普陀区,310107,"121.396997,31.243301",公交地铁站点,15号线,梅岭北路,North Meiling Road,Line 15
上海市大渡河路(地铁站),上海市普陀区大渡河路(地铁站),中国,上海市,上海市,021,普陀区,310107,"121.394431,31.231752",公交地铁站点,15号线,大渡河路,Daduhe Road,Line 15
上海市长风公园(地铁站),上海市普陀区长风公园(地铁站),中国,上海市,上海市,021,普陀区,310107,"121.396320,31.225254",公交地铁站点,15号线,长风公园,Changfeng Park,Line 15
上海市娄山关路(地铁站),上海市长宁区娄山关路(地铁站),中国,上海市,上海市,021,长宁区,310105,"121.404058,31.211158",公交地铁站点,15号线,娄山关路,Loushanguan Road,Line 15
上海市红宝石路(地铁站),上海市长宁区红宝石路(地铁站),中国,上海市,上海市,021,长宁区,310105,"121.398372,31.198863",公交地铁站点,15号线,红宝石路,Hongbaoshi Road,Line 15
上海市姚虹路(地铁站),上海市长宁区姚虹路(地铁站),中国,上海市,上海市,021,长宁区,310105,"121.406405,31.191550",公交地铁站点,15号线,姚虹路,Yaohong Road,Line 15
上海市吴中路(地铁站),上海市闵行区吴中路(地铁站),中国,上海市,上海市,021,闵行区,310112,"121.413905,31.184345",公交地铁站点,15号线,吴中路,Wuzhong Road,Line 15
上海市桂林路(地铁站),上海市徐汇区桂林路(地铁站),中国,上海市,上海市,021,徐汇区,310104,"121.418064,31.174791",公交地铁站点,15号线,桂林路,Guilin Road,Line 15
上海市桂林公园(地铁站),上海市徐汇区桂林公园(地铁站),中国,上海市,上海市,021,徐汇区,310104,"121.419647,31.166985",公交地铁站点,15号线,桂林公园,Guilin Park,Line 15
上海市上海南站(地铁站),上海市徐汇区上海南站(地铁站),中国,上海市,上海市,021,徐汇区,310104,"121.430041,31.154579",公交地铁站点,15号线,上海南站,Shanghai South Railway Station,Line 15
上海市华东理工大学(地铁站),上海市徐汇区华东理工大学(地铁站),中国,上海市,上海市,021,徐汇区,310104,"121.428990,31.144257",公交地铁站点,15号线,华东理工大学,East China University of Science and Technology,Line 15
上海市罗秀路(地铁站),上海市徐汇区罗秀路(地铁站),中国,上海市,上海市,021,徐汇区,310104,"121.435806,31.131552",公交地铁站点,15号线,罗秀路,Luoxiu Road,Line 15
上海市朱梅路(地铁站),上海市徐汇区朱梅路(地铁站),中国,上海市,上海市,021,徐汇区,310104,"121.437804,31.124364",公交地铁站点,15号线,朱梅路,Zhumei Road,Line 15
上海市华泾西(地铁站),上海市徐汇区华泾西(地铁站),中国,上海市,上海市,021,徐汇区,310104,"121.440138,31.113429",公交地铁站点,15号线,华泾西,West Huajing,Line 15
上海市虹梅南路(地铁站),上海市闵行区虹梅南路(地铁站),中国,上海市,上海市,021,闵行区,310112,"121.433059,31.103839",公交地铁站点,15号线,虹梅南路,South Hongmei Road,Line 15
上海市景西路(地铁站),上海市闵行区景西路(地铁站),中国,上海市,上海市,021,闵行区,310112,"121.418760,31.099727",公交地铁站点,15号线,景西路,Jingxi Road,Line 15
上海市曙建路(地铁站),上海市闵行区曙建路(地铁站),中国,上海市,上海市,021,闵行区,310112,"121.417897,31.090625",公交地铁站点,15号线,曙建路,Shujian Road,Line 15
上海市双柏路(地铁站),上海市闵行区双柏路(地铁站),中国,上海市,上海市,021,闵行区,310112,"121.421750,31.083214",公交地铁站点,15号线,双柏路,Shuangbai Road,Line 15
上海市元江路(地铁站),上海市闵行区元江路(地铁站),中国,上海市,上海市,021,闵行区,310112,"121.431901,31.062815",公交地铁站点,15号线,元江路,Yuanjiang Road,Line 15
上海市永德路(地铁站),上海市闵行区永德路(地铁站),中国,上海市,上海市,021,闵行区,310112,"121.443203,31.039147",公交地铁站点,15号线,永德路,Yongde Road,Line 15
上海市紫竹高新区(地铁站),上海市闵行区紫竹高新区(地铁站),中国,上海市,上海市,021,闵行区,310112,"121.451221,31.023190",公交地铁站点,15号线,紫竹高新区,Zizhu Hi-tech Park,Line 15
上海市紫光路(地铁站),上海市闵行区紫光路(地铁站),中国,上海市,上海市,021,闵行区,310112,"121.455472,31.014028",公交地铁站点,15号线,紫光路,Ziguang Road,Line 15
上海市金庄路(地铁站),上海市徐汇区龙华(地铁站),中国,上海市,上海市,021,徐汇区,310104,"121.452958,31.172672",公交地铁站点,15号线,金庄路,Jinzhuang Road,Line 15
上海市岚丰路(地铁站),上海市徐汇区龙华(地铁站),中国,上海市,上海市,021,徐汇区,310104,"121.452958,31.172672",公交地铁站点,15号线,岚丰路,Lanfeng Road,Line 15
上海市望园路(地铁站),上海市奉贤区望园路(地铁站),中国,上海市,上海市,021,奉贤区,310120,"121.483580,30.931940",公交地铁站点,15号线,望园路,Wangyuan Road,Line 15
上海市龙阳路(地铁站),上海市浦东新区龙阳路(地铁站),中国,上海市,上海市,021,浦东新区,310115,"121.557634,31.203575",公交地铁站点,16号线,龙阳路,Longyang Road,Line 16
上海市华夏中路(地铁站),上海市浦东新区华夏中路(地铁站),中国,上海市,上海市,021,浦东新区,310115,"121.583109,31.175759",公交地铁站点,16号线,华夏中路,Middle Huaxia Road,Line 16
上海市罗山路(地铁站),上海市浦东新区罗山路(地铁站),中国,上海市,上海市,021,浦东新区,310115,"121.593152,31.153259",公交地铁站点,16号线,罗山路,Luoshan Road,Line 16
上海市周浦东(地铁站),上海市浦东新区周浦东(地铁站),中国,上海市,上海市,021,浦东新区,310115,"121.606895,31.110038",公交地铁站点,16号线,周浦东,East Zhoupu,Line 16
上海市鹤沙航城(地铁站),上海市浦东新区鹤沙航城(地铁站),中国,上海市,上海市,021,浦东新区,310115,"121.611239,31.077797",公交地铁站点,16号线,鹤沙航城,Heshahangcheng,Line 16
上海市航头东(地铁站),上海市浦东新区航头东(地铁站),中国,上海市,上海市,021,浦东新区,310115,"121.617494,31.054919",公交地铁站点,16号线,航头东,East Hangtou,Line 16
上海市新场(地铁站),上海市浦东新区新场(地铁站),中国,上海市,上海市,021,浦东新区,310115,"121.648980,31.045561",公交地铁站点,16号线,新场,Xinchang,Line 16
上海市野生动物园(地铁站),上海市浦东新区野生动物园(地铁站),中国,上海市,上海市,021,浦东新区,310115,"121.699218,31.050325",公交地铁站点,16号线,野生动物园,Wild Animal Park,Line 16
上海市惠南(地铁站),上海市浦东新区惠南(地铁站),中国,上海市,上海市,021,浦东新区,310115,"121.761677,31.053828",公交地铁站点,16号线,惠南,Huinan,Line 16
上海市惠南东(地铁站),上海市浦东新区惠南东(地铁站),中国,上海市,上海市,021,浦东新区,310115,"121.793800,31.026448",公交地铁站点,16号线,惠南东,East Huinan,Line 16
上海市书院(地铁站),上海市浦东新区书院(地铁站),中国,上海市,上海市,021,浦东新区,310115,"121.850520,30.959264",公交地铁站点,16号线,书院,Shuyuan,Line 16
上海市临港大道(地铁站),上海市浦东新区临港大道(地铁站),中国,上海市,上海市,021,浦东新区,310115,"121.910851,30.923519",公交地铁站点,16号线,临港大道,Lingang Avenue,Line 16
上海市滴水湖(地铁站),上海市浦东新区滴水湖(地铁站),中国,上海市,上海市,021,浦东新区,310115,"121.929583,30.907245",公交地铁站点,16号线,滴水湖,Dishui Lake,Line 16
上海市虹桥火车站(地铁站),上海市闵行区虹桥火车站(地铁站),中国,上海市,上海市,021,闵行区,310112,"121.318910,31.193987",公交地铁站点,17号线,虹桥火车站,Hongqiao Railway Station,Line 17
上海市诸光路(地铁站),上海市青浦区诸光路(地铁站),中国,上海市,上海市,021,青浦区,310118,"121.293040,31.191678",公交地铁站点,17号线,诸光路,Zhuguang Road,Line 17
上海市蟠龙路(地铁站),上海市青浦区蟠龙路(地铁站),中国,上海市,上海市,021,青浦区,310118,"121.278645,31.186328",公交地铁站点,17号线,蟠龙路,Panlong Road,Line 17
上海市徐盈路(地铁站),上海市青浦区徐盈路(地铁站),中国,上海市,上海市,021,青浦区,310118,"121.253976,31.178101",公交地铁站点,17号线,徐盈路,Xuying Road,Line 17
上海市徐泾北城(地铁站),上海市青浦区徐泾北城(地铁站),中国,上海市,上海市,021,青浦区,310118,"121.241668,31.175518",公交地铁站点,17号线,徐泾北城,Xujingbeicheng,Line 17
上海市嘉松中路(地铁站),上海市青浦区嘉松中路(地铁站),中国,上海市,上海市,021,青浦区,310118,"121.223916,31.164099",公交地铁站点,17号线,嘉松中路,Middle Jiasong Road,Line 17
上海市赵巷(地铁站),上海市青浦区赵巷(地铁站),中国,上海市,上海市,021,青浦区,310118,"121.192279,31.161247",公交地铁站点,17号线,赵巷,Zhaoxiang,Line 17
上海市汇金路(地铁站),上海市青浦区汇金路(地铁站),中国,上海市,上海市,021,青浦区,310118,"121.151665,31.161221",公交地铁站点,17号线,汇金路,Huijin Road,Line 17
上海市青浦新城(地铁站),上海市青浦区青浦新城(地铁站),中国,上海市,上海市,021,青浦区,310118,"121.125670,31.158925",公交地铁站点,17号线,青浦新城,Qingpu Xincheng,Line 17
上海市漕盈路(地铁站),上海市青浦区漕盈路(地铁站),中国,上海市,上海市,021,青浦区,310118,"121.096889,31.160467",公交地铁站点,17号线,漕盈路,Caoying Road,Line 17
上海市淀山湖大道(地铁站),上海市青浦区淀山湖大道(地铁站),中国,上海市,上海市,021,青浦区,310118,"121.082134,31.134460",公交地铁站点,17号线,淀山湖大道,Dianshanhu Avenue,Line 17
上海市朱家角(地铁站),上海市青浦区朱家角(地铁站),中国,上海市,上海市,021,青浦区,310118,"121.054358,31.093559",公交地铁站点,17号线,朱家角,Zhujiajiao,Line 17
上海市东方绿舟(地铁站),上海市青浦区东方绿舟(地铁站),中国,上海市,上海市,021,青浦区,310118,"121.019534,31.098544",公交地铁站点,17号线,东方绿舟,Oriental Land,Line 17
上海市西岑(地铁站),上海市青浦区西岑(地铁站),中国,上海市,上海市,021,青浦区,310118,"120.962025,31.070028",公交地铁站点,17号线,西岑,Xicen,Line 17
上海市大康路(地铁站),上海市宝山区大康路(地铁站),中国,上海市,上海市,021,宝山区,310113,"121.420733,31.335489",公交地铁站点,18号线,大康路,Dakang Road,Line 18
上海市呼兰路(地铁站),上海市宝山区呼兰路(地铁站),中国,上海市,上海市,021,宝山区,310113,"121.437711,31.339703",公交地铁站点,18号线,呼兰路,Hulan Road,Line 18
上海市爱辉路(地铁站),上海市宝山区爱辉路(地铁站),中国,上海市,上海市,021,宝山区,310113,"121.448327,31.343777",公交地铁站点,18号线,爱辉路,Aihui Road,Line 18
上海市江杨南路(地铁站),上海市宝山区江杨南路(地铁站),中国,上海市,上海市,021,宝山区,310113,"121.465323,31.349908",公交地铁站点,18号线,江杨南路,South Jiangyang Road,Line 18
上海市长江西路(地铁站),上海市宝山区长江西路(地铁站),中国,上海市,上海市,021,宝山区,310113,"121.475816,31.344551",公交地铁站点,18号线,长江西路,West Changjiang Road,Line 18
上海市通南路(地铁站),上海市宝山区通南路(地铁站),中国,上海市,上海市,021,宝山区,310113,"121.478929,31.338093",公交地铁站点,18号线,通南路,Tongnan Road,Line 18
上海市长江南路(地铁站),上海市宝山区长江南路(地铁站),中国,上海市,上海市,021,宝山区,310113,"121.491482,31.332062",公交地铁站点,18号线,长江南路,South Changjiang Road,Line 18
上海市殷高路(地铁站),上海市宝山区殷高路(地铁站),中国,上海市,上海市,021,宝山区,310113,"121.495560,31.321705",公交地铁站点,18号线,殷高路,Yingao Road,Line 18
上海市上海财经大学(地铁站),上海市杨浦区上海财经大学(地铁站),中国,上海市,上海市,021,杨浦区,310110,"121.496332,31.307672",公交地铁站点,18号线,上海财经大学,Shanghai University of Finance and Economics,Line 18
上海市复旦大学(地铁站),上海市杨浦区复旦大学(地铁站),中国,上海市,上海市,021,杨浦区,310110,"121.499529,31.296349",公交地铁站点,18号线,复旦大学,Fudan University,Line 18
上海市国权路(地铁站),上海市杨浦区国权路(地铁站),中国,上海市,上海市,021,杨浦区,310110,"121.510024,31.289276",公交地铁站点,18号线,国权路,Guoquan Road,Line 18
上海市抚顺路(地铁站),上海市杨浦区抚顺路(地铁站),中国,上海市,上海市,021,杨浦区,310110,"121.515793,31.283664",公交地铁站点,18号线,抚顺路,Fushun Road,Line 18
上海市江浦路(地铁站),上海市杨浦区江浦路(地铁站),中国,上海市,上海市,021,杨浦区,310110,"121.518379,31.274946",公交地铁站点,18号线,江浦路,Jiangpu Road,Line 18
上海市江浦公园(地铁站),上海市杨浦区江浦公园(地铁站),中国,上海市,上海市,021,杨浦区,310110,"121.523697,31.264570",公交地铁站点,18号线,江浦公园,Jiangpu Park,Line 18
上海市平凉路(地铁站),上海市杨浦区平凉路(地铁站),中国,上海市,上海市,021,杨浦区,310110,"121.526701,31.259038",公交地铁站点,18号线,平凉路,Pingliang Road,Line 18
上海市丹阳路(地铁站),上海市杨浦区丹阳路(地铁站),中国,上海市,上海市,021,杨浦区,310110,"121.531160,31.253815",公交地铁站点,18号线,丹阳路,Danyang Road,Line 18
上海市昌邑路(地铁站),上海市浦东新区昌邑路(地铁站),中国,上海市,上海市,021,浦东新区,310115,"121.540104,31.243940",公交地铁站点,18号线,昌邑路,Changyi Road,Line 18
上海市民生路(地铁站),上海市浦东新区民生路(地铁站),中国,上海市,上海市,021,浦东新区,310115,"121.543527,31.235851",公交地铁站点,18号线,民生路,Minsheng Road,Line 18
上海市杨高中路(地铁站),上海市浦东新区杨高中路(地铁站),中国,上海市,上海市,021,浦东新区,310115,"121.548664,31.227510",公交地铁站点,18号线,杨高中路,Middle Yanggao Road,Line 18
上海市迎春路(地铁站),上海市浦东新区迎春路(地铁站),中国,上海市,上海市,021,浦东新区,310115,"121.550998,31.221002",公交地铁站点,18号线,迎春路,Yingchun Road,Line 18
上海市龙阳路(地铁站),上海市浦东新区龙阳路(地铁站),中国,上海市,上海市,021,浦东新区,310115,"121.557634,31.203575",公交地铁站点,18号线,龙阳路,Longyang Road,Line 18
上海市芳芯路(地铁站),上海市浦东新区芳芯路(地铁站),中国,上海市,上海市,021,浦东新区,310115,"121.559226,31.191158",公交地铁站点,18号线,芳芯路,Fangxin Road,Line 18
上海市北中路(地铁站),上海市浦东新区北中路(地铁站),中国,上海市,上海市,021,浦东新区,310115,"121.561355,31.182762",公交地铁站点,18号线,北中路,Beizhong Road,Line 18
上海市莲溪路(地铁站),上海市浦东新区莲溪路(地铁站),中国,上海市,上海市,021,浦东新区,310115,"121.566414,31.169110",公交地铁站点,18号线,莲溪路,Lianxi Road,Line 18
上海市御桥(地铁站),上海市浦东新区御桥(地铁站),中国,上海市,上海市,021,浦东新区,310115,"121.570914,31.158131",公交地铁站点,18号线,御桥,Yuqiao,Line 18
上海市康桥(地铁站),上海市浦东新区康桥(地铁站),中国,上海市,上海市,021,浦东新区,310115,"121.567306,31.134239",公交地铁站点,18号线,康桥,Kangqiao,Line 18
上海市周浦(地铁站),上海市浦东新区周浦(地铁站),中国,上海市,上海市,021,浦东新区,310115,"121.567613,31.114129",公交地铁站点,18号线,周浦,Zhoupu,Line 18
上海市繁荣路(地铁站),上海市浦东新区繁荣路(地铁站),中国,上海市,上海市,021,浦东新区,310115,"121.570547,31.102554",公交地铁站点,18号线,繁荣路,Fanrong Road,Line 18
上海市沈梅路(地铁站),上海市浦东新区沈梅路(地铁站),中国,上海市,上海市,021,浦东新区,310115,"121.580589,31.091115",公交地铁站点,18号线,沈梅路,Shenmei Road,Line 18
上海市鹤涛路(地铁站),上海市浦东新区鹤涛路(地铁站),中国,上海市,上海市,021,浦东新区,310115,"121.585960,31.071860",公交地铁站点,18号线,鹤涛路,Hetao Road,Line 18
上海市下沙(地铁站),上海市浦东新区下沙(地铁站),中国,上海市,上海市,021,浦东新区,310115,"121.588988,31.054396",公交地铁站点,18号线,下沙,Xiasha,Line 18
上海市航头(地铁站),上海市浦东新区航头(地铁站),中国,上海市,上海市,021,浦东新区,310115,"121.596083,31.037305",公交地铁站点,18号线,航头,Hangtou,Line 18
上海市沈杜公路(地铁站),上海市闵行区沈杜公路(地铁站),中国,上海市,上海市,021,闵行区,310112,"121.512272,31.061427",公交地铁站点,浦江线,沈杜公路,Shendu Highway,Pujiang
上海市三鲁公路(地铁站),上海市闵行区三鲁公路(地铁站),中国,上海市,上海市,021,闵行区,310112,"121.527389,31.056108",公交地铁站点,浦江线,三鲁公路,Sanlu Highway,Pujiang
上海市闵瑞路(地铁站),上海市闵行区闵瑞路(地铁站),中国,上海市,上海市,021,闵行区,310112,"121.530323,31.047956",公交地铁站点,浦江线,闵瑞路,Minrui Road,Pujiang
上海市浦航路(地铁站),上海市闵行区浦航路(地铁站),中国,上海市,上海市,021,闵行区,310112,"121.530591,31.040993",公交地铁站点,浦江线,浦航路,Puhang Road,Pujiang
上海市东城一路(地铁站),上海市闵行区东城一路(地铁站),中国,上海市,上海市,021,闵行区,310112,"121.532093,31.030390",公交地铁站点,浦江线,东城一路,Dongchengyi Road,Pujiang
上海市汇臻路(地铁站),上海市闵行区汇臻路(地铁站),中国,上海市,上海市,021,闵行区,310112,"121.524558,31.025245",公交地铁站点,浦江线,汇臻路,Huizhen Road,Pujiang
